13 Hours,3,1,-1,-1,0,0,0,-1,0,-1,-1,-1,1,-1,0,-2,0,0,-1,-1,-1,-1,0,1,-1,-1,-1,-1,1,-1,0,,,,,,,,,,,,,,,,,,,,,,,,,,,
20th Century Women,3,1,1,0,-1,-1,-1,-1,-1,0,-1,1,1,0,-1,1,-1,-1,1,0,1,-1,,,,,,,,,,,,,,,,,,,,,,,,,,,,,,,,,,,,
5 Flights up,2.5,-1,1,1,-1,2,-1,-1,-1,-1,1,0,0,-1,-1,1,1,-1,-1,-1,-1,-1,0,-1,1,1,,,,,,,,,,,,,,,,,,,,,,,,,,,,,,,,
71,3.5,,,,,,,,,,,,,,,,,,,,,,,,,,,,,,,,,,,,,,,,,,,,,,,,,,,,,,,,,
99 Homes,3,-1,-1,1,1,-1,-1,-1,0,-1,-1,-1,-1,-1,-1,-1,-1,-1,-1,-1,-1,-1,-1,1,1,-2,1,-1,-1,-1,-1,2,-1,0,,,,,,,,,,,,,,,,,,,,,,,,
A Brillliant Young Minds,3,-1,1,1,-1,1,1,0,0,-1,0,-1,-1,-1,1,2,0,1,1,1,,,,,,,,,,,,,,,,,,,,,,,,,,,,,,,,,,,,,,
A Dogs Purpose,2,1,-1,-1,0,-1,1,-1,-1,-1,-1,1,1,-1,-1,1,-1,1,-1,1,-1,0,-1,-1,-1,-1,-1,-1,-1,-1,0,-1,-1,-1,-1,-1,-1,0,-1,,,,,,,,,,,,,,,,,,,
A Ghost Story,3,1,-1,0,1,-1,-1,0,-1,-1,0,-1,1,-1,1,-1,-1,-1,-1,0,-1,0,-1,0,-1,0,-1,0,0,-1,1,-1,1,-1,-1,-1,0,1,-1,1,1,-1,-1,-1,,,,,,,,,,,,,,
A girl like hetr,3,,,,,,,,,,,,,,,,,,,,,,,,,,,,,,,,,,,,,,,,,,,,,,,,,,,,,,,,,
A Monster Calls,2.5,1,0,-1,1,-1,-1,0,-1,-1,-1,-1,-1,-1,-1,-1,0,-1,1,-1,2,1,-1,-1,1,-1,-1,-1,-1,-1,-1,,,,,,,,,,,,,,,,,,,,,,,,,,,
A Most Violent Year,4,,,,,,,,,,,,,,,,,,,,,,,,,,,,,,,,,,,,,,,,,,,,,,,,,,,,,,,,,
A Perfect Day,3.5,-1,1,-1,1,-1,-1,-1,0,-1,0,-1,-1,-1,1,1,-1,-1,-1,-1,-1,0,-1,-1,-1,1,2,,,,,,,,,,,,,,,,,,,,,,,,,,,,,,,
A United Kingdom,3,1,1,-1,-1,1,-1,-1,0,-1,-1,1,-1,-1,-1,-1,-1,1,0,1,1,-1,1,0,1,1,-1,,,,,,,,,,,,,,,,,,,,,,,,,,,,,,,
A Walk IN THe Woods,2,-1,-1,2,-1,-1,1,-1,-1,-1,-1,-2,0,-2,-1,0,-1,-1,-1,-1,0,-1,-1,,,,,,,,,,,,,,,,,,,,,,,,,,,,,,,,,,,
Accidental Love,1,0,0,1,-1,-1,-1,1,2,-1,-1,1,-1,-1,0,-1,-1,-1,-2,-1,,,,,,,,,,,,,,,,,,,,,,,,,,,,,,,,,,,,,,
Adderall Diaries,2,-1,-1,1,1,-2,0,-1,-1,-1,1,1,-1,-1,-1,-1,-1,-1,0,,,,,,,,,,,,,,,,,,,,,,,,,,,,,,,,,,,,,,,
Adult Beginners,3,-1,-1,1,-1,1,1,-1,1,0,-1,0,1,1,1,0,1,-1,1,-1,2,-1,-1,-1,1,1,,,,,,,,,,,,,,,,,,,,,,,,,,,,,,,,
Alice Through The Looking Glass,1.5,-1,-2,1,-1,1,-1,-1,-1,-2,-1,-1,-1,-1,-1,0,-1,-1,1,-1,0,0,1,0,1,-1,1,-1,-1,-1,0,-1,-1,,,,,,,,,,,,,,,,,,,,,,,,,
Alien Covenant,3,-1,0,0,1,1,-1,1,1,-1,-1,-1,-1,-1,-1,-1,-1,-1,-1,-1,-1,-1,-1,-1,0,-1,1,0,2,1,-1,-1,1,,,,,,,,,,,,,,,,,,,,,,,,,
All Eyes On Me,3.5,,,,,,,,,,,,,,,,,,,,,,,,,,,,,,,,,,,,,,,,,,,,,,,,,,,,,,,,,
All I See Is You,1.5,-1,1,-1,0,0,0,0,-1,-1,-1,0,1,1,-1,0,0,-1,-1,-1,-1,1,-1,0,1,-1,-1,1,0,0,-1,-1,0,0,1,-1,1,0,1,0,0,-1,-1,,,,,,,,,,,,,,,
All The Way,3.5,-1,-1,1,2,-1,-1,-1,1,-1,-1,-1,-1,0,-1,1,1,1,1,1,2,1,-1,,,,,,,,,,,,,,,,,,,,,,,,,,,,,,,,,,,
Allied,3,0,-1,-1,-1,-1,-1,1,1,1,-1,-1,0,-1,-1,-1,1,1,1,-1,-1,-1,-1,1,-1,0,-1,0,-1,-1,0,-1,1,,,,,,,,,,,,,,,,,,,,,,,,,
Almost Christmas,1.5,1,-1,0,1,-1,1,0,0,0,0,1,0,-1,-1,0,1,-1,1,-1,-2,-1,-2,-1,0,-1,0,1,0,-1,-1,1,1,-1,1,2,-1,0,,,,,,,,,,,,,,,,,,,,
Aloft,1.5,0,-1,1,-1,-1,-1,1,-1,0,-1,-1,-1,-1,1,1,0,-1,-1,-1,0,0,-1,-1,-1,0,1,1,0,-1,-1,1,2,1,-1,,,,,,,,,,,,,,,,,,,,,,,
Aloha,3,-1,-2,-1,-1,-1,2,-1,-1,-1,-1,1,-1,-1,-1,-1,-1,-1,1,0,-1,1,-1,-1,1,-1,-1,1,1,-1,1,-1,-1,0,1,-1,1,0,1,1,-1,0,,,,,,,,,,,,,,,,
Alone in Berlin,3,-1,-1,-1,1,-1,-1,-1,2,0,-1,-1,-1,-1,0,-1,-1,-1,1,1,1,-1,-1,-1,1,,,,,,,,,,,,,,,,,,,,,,,,,,,,,,,,,
American Assassin,2,-1,0,1,-1,0,0,-1,0,-1,-1,0,-1,-2,0,-1,-1,0,-1,1,-1,1,1,1,0,-1,0,-1,-1,-1,-1,-1,-1,1,-1,0,-1,-1,1,-1,-1,0,,,,,,,,,,,,,,,,
American Honey,3.5,-1,-1,-1,-1,-1,1,-1,1,-1,-1,1,1,-1,-1,-1,-1,-1,1,1,1,1,,,,,,,,,,,,,,,,,,,,,,,,,,,,,,,,,,,,
American Made,3.5,-1,-1,-1,1,2,-1,-1,-1,1,-1,1,-1,1,-1,1,0,0,-2,-1,-1,0,-1,0,-1,2,1,,,,,,,,,,,,,,,,,,,,,,,,,,,,,,,
American Pastoral,1.5,-1,-1,-1,-1,-1,-1,0,-1,-1,1,1,-1,-1,-1,-1,-1,-1,-1,-1,-1,-1,-1,-1,-1,-1,-1,-1,-1,-1,-1,,,,,,,,,,,,,,,,,,,,,,,,,,,
American Sniper,3.5,,,,,,,,,,,,,,,,,,,,,,,,,,,,,,,,,,,,,,,,,,,,,,,,,,,,,,,,,
An Honest Liar,3,,,,,,,,,,,,,,,,,,,,,,,,,,,,,,,,,,,,,,,,,,,,,,,,,,,,,,,,,
Anesthesia,1.5,-1,-1,0,-2,-1,1,1,-1,0,-1,-1,-1,1,-1,-1,-1,-1,-1,1,2,,,,,,,,,,,,,,,,,,,,,,,,,,,,,,,,,,,,,
Animals,4,-1,1,1,-2,-1,-1,0,-1,-1,-1,-1,0,-1,-1,1,1,1,-1,1,-1,-1,-1,-1,-1,0,-1,-1,-1,0,-1,-1,1,1,,,,,,,,,,,,,,,,,,,,,,,,
Anomolisa,4,-1,-1,1,-1,-1,0,1,0,1,-1,-1,-1,-1,-1,-1,1,0,0,2,-1,-1,1,0,-1,-1,-1,-1,1,-1,1,2,0,0,1,0,0,-1,1,-1,0,0,,,,,,,,,,,,,,,,
Ant Man,2,,,,,,,,,,,,,,,,,,,,,,,,,,,,,,,,,,,,,,,,,,,,,,,,,,,,,,,,,
Ardor,3,-1,1,1,1,1,1,0,0,1,-1,-1,-1,0,0,-1,-1,-1,-1,-1,-1,1,1,-1,-1,1,,,,,,,,,,,,,,,,,,,,,,,,,,,,,,,,
Arrival,3.5,-1,-1,1,1,1,2,-1,-1,-1,0,-1,1,-1,0,-1,-1,-1,-1,-1,-1,-1,-1,-1,-1,2,1,1,2,0,1,,,,,,,,,,,,,,,,,,,,,,,,,,,
Arsenal,1,-1,0,0,1,-1,1,-2,-2,-1,-1,-1,-2,2,-1,-1,-1,-1,,,,,,,,,,,,,,,,,,,,,,,,,,,,,,,,,,,,,,,,
Atomic Blonde,3.5,-1,0,0,2,-1,-1,-1,-1,-1,-1,-1,-1,0,-1,-1,-1,-1,-1,1,-1,0,-1,1,2,-1,1,0,1,-1,1,-1,1,1,-1,-1,2,-1,-1,-1,1,,,,,,,,,,,,,,,,,
Avengers Age of Ultron,3.5,-1,,,,,,,,,,,,,,,,,,,,,,,,,,,,,,,,,,,,,,,,,,,,,,,,,,,,,,,,
Baby Driver,4,0,2,0,1,0,0,1,-1,-1,-1,-1,-1,1,-1,-1,-1,-1,-1,-1,-1,-1,-1,-1,0,-1,2,-1,1,2,1,1,-1,-1,0,-1,-1,1,-1,-1,1,0,2,1,,,,,,,,,,,,,,
Bad Hurt,3.5,0,-1,-1,1,0,-1,1,-1,1,-1,0,-1,2,-1,-1,-1,-1,1,-1,-1,,,,,,,,,,,,,,,,,,,,,,,,,,,,,,,,,,,,,
Bad Moms Christmas,1.5,-1,-1,-1,-1,-1,0,-1,-1,-1,1,0,-1,-1,-1,1,-1,-1,1,-1,0,-1,-1,-1,0,0,0,1,1,-1,-1,0,0,-1,-1,-1,0,0,-1,0,0,-2,1,0,-1,1,-1,-1,,,,,,,,,,
Bad Moms,3,-2,-1,0,-1,0,-1,1,-1,-1,-1,-1,0,-1,-1,-1,-2,-2,-1,-1,-1,0,1,-1,0,-2,-1,0,-1,-1,1,1,,,,,,,,,,,,,,,,,,,,,,,,,,
Bad Santa 2,1.5,0,-1,-1,-1,1,-2,-1,1,-1,-1,-2,-1,-1,-1,1,-1,0,1,-1,0,-1,-1,-1,-1,-1,-1,,,,,,,,,,,,,,,,,,,,,,,,,,,,,,,
Barbershop The Next Cut,3.5,0,-1,-1,0,1,-1,0,-1,-1,-1,-1,1,-1,1,-1,-1,-1,-1,-1,1,1,2,1,1,,,,,,,,,,,,,,,,,,,,,,,,,,,,,,,,,
Barry,3,,,,,,,,,,,,,,,,,,,,,,,,,,,,,,,,,,,,,,,,,,,,,,,,,,,,,,,,,
Batkid Begins,2,1,1,-1,-1,0,1,0,-2,0,-1,1,-1,-1,1,2,-1,0,-1,0,-1,-1,-1,1,-1,-1,,,,,,,,,,,,,,,,,,,,,,,,,,,,,,,,
Batman v Superman,3,0,-1,-1,1,-1,2,1,1,-1,-1,1,1,1,-1,-1,-1,-1,1,-1,1,-1,1,0,0,-1,1,-1,-1,-1,1,-1,-1,1,-1,-1,-1,-1,0,1,-1,-1,-1,1,-1,1,-1,0,,,,,,,,,,
Battle of the Sexes,3.5,0,1,0,-1,1,-1,0,1,0,-1,0,-1,-1,0,-1,1,-1,-1,1,-1,-1,-1,-1,0,-1,1,1,2,,,,,,,,,,,,,,,,,,,,,,,,,,,,,
Baywatch,1.5,0,0,-1,-1,-1,-1,-1,-1,1,-1,0,1,-1,-1,-1,1,-1,1,-1,-1,-1,-1,-1,-1,-1,0,-2,-1,1,-1,-1,-1,0,,,,,,,,,,,,,,,,,,,,,,,,
Beatriz at Dinner,2.5,-1,1,0,0,1,-1,1,-1,1,0,1,-1,0,0,-1,-1,-1,-1,0,-1,-1,-1,-1,-1,2,-1,1,,,,,,,,,,,,,,,,,,,,,,,,,,,,,,
Beats of no Nation,3.5,0,1,0,1,0,-1,-1,-1,-1,1,0,-1,1,-1,-1,-1,0,1,1,-1,2,1,-1,1,-1,-1,2,,,,,,,,,,,,,,,,,,,,,,,,,,,,,,
Beauty and the Beast,3.5,2,1,1,1,-1,1,-1,-1,-1,-1,1,-1,1,1,1,-1,0,-1,-1,-1,0,1,-1,1,-1,-1,,,,,,,,,,,,,,,,,,,,,,,,,,,,,,,
Beguiled,3.5,0,-1,0,2,1,0,-1,0,1,-1,-1,-1,1,-1,-1,1,0,1,-1,1,-1,-1,-1,-1,-1,1,1,-1,-1,-1,1,,,,,,,,,,,,,,,,,,,,,,,,,,
Being Charlie,2.5,0,0,0,0,0,-1,0,1,-2,-1,-1,0,1,-1,0,-1,-1,1,1,-1,1,,,,,,,,,,,,,,,,,,,,,,,,,,,,,,,,,,,,
Ben Hur,2,1,-1,-1,0,1,0,1,-1,-1,1,-1,-1,-1,-2,-1,-1,1,-1,-1,-1,-1,1,-1,-1,-1,,,,,,,,,,,,,,,,,,,,,,,,,,,,,,,,
Big Game,3,-1,0,-2,-1,2,1,0,-1,-1,-1,-1,-1,-1,-1,-1,-1,1,0,0,-1,-1,-1,-1,-1,1,-1,1,1,-1,,,,,,,,,,,,,,,,,,,,,,,,,,,,
Big Stone Gap,1,-1,-1,1,0,-1,-1,0,-1,-1,0,0,-1,-1,1,-1,-1,1,-1,-1,-1,1,,,,,,,,,,,,,,,,,,,,,,,,,,,,,,,,,,,,
Black Butterfly,2,-1,-2,0,0,-1,0,1,1,-1,-1,0,-1,0,-1,-2,-1,-1,-1,-1,0,-1,-1,-1,-1,0,0,0,-1,0,,,,,,,,,,,,,,,,,,,,,,,,,,,,
Black MAss,3,-2,2,-1,1,-1,-1,-1,0,1,1,0,-1,-1,0,-1,-1,-1,-1,-1,-1,-1,-1,-1,1,-1,1,0,0,1,-2,-1,-1,-1,-1,1,0,0,,,,,,,,,,,,,,,,,,,,
Black or White,3,,,,,,,,,,,,,,,,,,,,,,,,,,,,,,,,,,,,,,,,,,,,,,,,,,,,,,,,,
Black Sea,2,,,,,,,,,,,,,,,,,,,,,,,,,,,,,,,,,,,,,,,,,,,,,,,,,,,,,,,,,
Blade Runner 2049,4,0,0,-1,2,-1,1,1,-1,1,2,2,1,0,-1,0,-2,1,1,1,0,-2,-1,-1,-1,-1,-1,0,-1,-1,-1,1,-1,-1,1,1,-1,1,1,-1,1,,,,,,,,,,,,,,,,,
Bleed For This,4,-1,-1,1,1,1,-1,-1,1,-1,0,0,-1,-1,1,-1,1,0,-1,-1,0,-1,-1,-1,0,2,-1,1,1,-1,-1,0,1,1,-1,2,1,1,2,,,,,,,,,,,,,,,,,,,
Blind,3,-1,-1,-1,0,1,-1,0,-1,-1,1,-1,-1,-1,-1,-1,-1,-1,-1,1,0,0,-1,1,1,-1,-1,1,1,1,1,,,,,,,,,,,,,,,,,,,,,,,,,,,
Brads Status,2,0,0,-1,-1,1,-1,0,-1,-1,1,1,-1,1,1,0,-1,-1,1,-1,-1,-1,-1,-1,-1,-1,-1,-1,1,-1,0,0,-1,-1,0,1,1,-1,-1,0,-1,,,,,,,,,,,,,,,,,
Brawl in Cell Block 99,3.5,-1,0,1,-1,1,-1,-2,-1,-1,-1,-1,-1,-1,-2,-1,-2,-1,-1,-1,-1,1,-1,0,,,,,,,,,,,,,,,,,,,,,,,,,,,,,,,,,,
Break Point,3,1,-1,2,-1,1,-1,0,-1,0,-1,1,1,,,,,,,,,,,,,,,,,,,,,,,,,,,,,,,,,,,,,,,,,,,,,
Breathe,3,-1,-1,-1,1,-1,0,-1,-2,-1,1,-1,1,-1,-1,-1,-1,0,-1,0,-1,-1,-1,1,-1,-1,2,-1,-1,-1,-1,-1,,,,,,,,,,,,,,,,,,,,,,,,,,
Bridge of SPies,4,-1,0,2,-1,-1,-1,1,-1,2,-1,0,-2,1,0,1,0,-1,-1,-1,-1,1,-1,1,1,1,,,,,,,,,,,,,,,,,,,,,,,,,,,,,,,,
Bridget Jones Baby,1.5,0,1,1,1,1,0,-1,1,-1,-1,1,-2,-2,0,-1,-1,0,0,1,1,0,-1,-1,-1,0,-1,0,-1,-1,-1,-1,-1,0,0,0,-1,-1,-1,-1,,,,,,,,,,,,,,,,,,
Bright Lights',4,-1,-1,-1,-1,0,1,-1,-1,-1,1,-1,0,1,-1,1,0,-1,-1,-1,-1,0,0,-1,-1,-1,-1,-1,-1,1,-1,1,-1,-1,-1,1,0,-1,1,1,-2,,,,,,,,,,,,,,,,,
Brigsby Bear,3,1,1,2,1,1,-2,-1,-1,0,-1,-1,1,-1,0,-1,0,-1,0,-1,-1,-1,-1,2,1,-1,1,1,,,,,,,,,,,,,,,,,,,,,,,,,,,,,,
Brimstone,1.5,-1,-1,-1,-1,0,0,0,-1,-1,-1,-1,-1,1,0,-1,-1,-1,-1,-1,-1,0,-1,-1,0,1,-1,0,-1,,,,,,,,,,,,,,,,,,,,,,,,,,,,,
Burnt,2,-1,2,-1,-1,-1,-1,1,-1,-1,-1,0,-1,1,1,-1,-1,0,-1,1,0,0,0,2,-1,1,1,-1,1,-1,-1,0,1,-1,2,1,0,-1,0,-1,,,,,,,,,,,,,,,,,,
Bushwick,3,0,-2,-1,-1,1,-1,-1,-1,-1,-2,0,-1,1,-1,-1,-1,0,0,-1,-1,0,-1,0,-1,-1,-1,-1,-1,-1,-1,1,-1,-1,-1,0,,,,,,,,,,,,,,,,,,,,,,
By The Sea,1,-1,1,0,0,-1,-1,-2,-1,1,-1,-1,2,-1,-1,-1,2,1,-1,-1,-1,0,0,-1,-1,1,-1,-1,-1,,,,,,,,,,,,,,,,,,,,,,,,,,,,,
Cafe Society,3.5,-1,-1,2,-1,0,2,2,-1,-1,-1,0,0,1,1,0,1,0,-1,1,-1,0,-1,1,1,1,,,,,,,,,,,,,,,,,,,,,,,,,,,,,,,,
Cake,2,,,,,,,,,,,,,,,,,,,,,,,,,,,,,,,,,,,,,,,,,,,,,,,,,,,,,,,,,
Captain America Civil War,3.5,-1,-1,-1,-1,-1,1,-1,-1,0,-1,1,-1,1,-1,-1,-1,-1,0,-1,-1,-1,-1,0,-1,1,-1,1,-1,-1,2,1,0,1,,,,,,,,,,,,,,,,,,,,,,,,
Captain Fantastic,2,0,-1,-1,-1,1,1,1,0,-1,0,-1,-1,-1,1,-1,-1,-1,-1,-1,-1,0,1,1,-1,-1,-1,-1,0,-1,,,,,,,,,,,,,,,,,,,,,,,,,,,,
Careful What You Wish For,2,-1,0,-1,-1,-1,-1,-1,-1,1,1,0,-1,-2,1,1,1,-1,1,1,-1,2,1,-1,-1,,,,,,,,,,,,,,,,,,,,,,,,,,,,,,,,,
Carol,3.5,-1,1,-1,2,1,2,-1,-1,1,-1,-1,1,-1,-1,0,-1,0,-1,-1,1,-1,-1,1,-1,1,2,1,2,,,,,,,,,,,,,,,,,,,,,,,,,,,,,
Cars 3,3,1,0,1,-1,0,2,-1,1,0,1,-1,-2,0,-1,1,2,-1,1,1,1,-1,-1,-1,1,-1,-1,-1,-1,0,-1,-1,,,,,,,,,,,,,,,,,,,,,,,,,,
Cell,2,1,-1,0,1,0,-1,0,-1,-1,-1,1,-1,-1,-1,-1,-1,-1,1,-1,,,,,,,,,,,,,,,,,,,,,,,,,,,,,,,,,,,,,,
Central Intelligence,1.5,-1,-2,-1,-1,0,-1,-1,-1,0,-1,1,-1,-1,-1,-1,-1,1,0,1,-1,-1,-1,-1,0,-1,-1,-1,,,,,,,,,,,,,,,,,,,,,,,,,,,,,,
Chi Raq,3.5,-1,-1,-1,-1,-1,-1,-1,-1,-1,-1,-1,1,0,1,1,-1,-1,1,1,0,-1,2,1,-1,-1,-1,0,1,1,1,1,-1,1,,,,,,,,,,,,,,,,,,,,,,,,
Christine,3,1,-1,-1,0,-1,-1,1,-1,0,0,-1,-1,-1,-1,1,-1,-1,-1,1,-1,-1,1,-1,1,2,-1,-2,-1,-1,1,0,1,-1,-1,-1,,,,,,,,,,,,,,,,,,,,,,
Churchill,2,1,1,-1,-1,1,1,-2,1,-1,-1,-1,-1,-1,-1,-2,1,-1,-1,-1,,,,,,,,,,,,,,,,,,,,,,,,,,,,,,,,,,,,,,
Cinderella,3.5,-1,-1,1,-1,-1,0,1,1,0,1,2,-1,0,1,1,1,0,0,0,-2,-1,-1,1,1,-1,1,-1,1,1,-1,1,-1,1,1,-1,,,,,,,,,,,,,,,,,,,,,,
Clouds of Sils Maria,3.5,-1,2,0,1,2,-1,1,-1,-1,0,-1,-1,0,-1,1,2,-1,-1,-1,-1,1,-1,1,-1,-1,1,-1,1,-1,2,,,,,,,,,,,,,,,,,,,,,,,,,,,
Collateral Beauty,1,0,1,-1,1,0,-2,0,-1,0,0,-1,-1,-1,-1,-1,-1,-1,0,-1,-1,0,0,-1,-1,0,-1,-1,-1,1,1,0,1,1,-1,-1,1,-1,-1,-1,1,0,-1,-1,1,-1,-1,,,,,,,,,,,
Colossal,3.5,-1,1,1,1,-2,-1,-2,-1,0,1,1,1,-1,0,-1,0,-1,-1,-1,2,-1,0,-1,1,2,-1,1,1,,,,,,,,,,,,,,,,,,,,,,,,,,,,,
Concussion,3,-1,-1,0,-1,1,1,-1,-1,0,0,-1,-2,-1,-1,1,2,-1,0,-1,0,1,-1,-1,-1,-1,-1,-1,1,0,1,-1,-1,1,1,1,-1,1,1,-1,1,-1,1,-1,0,1,-1,0,1,0,1,-1,-1,,,,,
Confirmation,3.5,0,0,0,0,1,0,0,0,0,-1,0,1,-1,-1,-1,1,1,1,-1,1,-1,-1,1,-1,1,0,-1,,,,,,,,,,,,,,,,,,,,,,,,,,,,,,
Cop Car,3.5,0,1,-1,-1,0,-1,-1,-1,-1,-1,-1,-1,1,-1,0,0,-1,1,0,-1,-1,-1,1,-1,-1,0,-1,0,-1,-1,1,-1,,,,,,,,,,,,,,,,,,,,,,,,,
Creative Control,3.5,2,-1,-1,-1,-1,-1,2,2,-1,1,0,-1,1,0,-1,-1,-2,0,-1,0,-1,1,,,,,,,,,,,,,,,,,,,,,,,,,,,,,,,,,,,
Creed,3.5,-1,-1,-1,-1,-1,1,-1,-1,-1,1,0,1,-1,0,-1,2,-1,-1,-1,-1,-1,1,-1,1,1,1,-1,-1,1,1,,,,,,,,,,,,,,,,,,,,,,,,,,,
Criminal,1,1,-1,0,0,0,0,-1,-2,-1,-1,1,-1,1,1,-1,-1,-1,-1,0,-1,-2,-2,-1,-1,-1,-1,0,-1,-1,-1,-1,-1,-1,-1,-1,-1,-1,-1,-1,0,0,-1,0,1,-1,-1,1,0,,,,,,,,,
Crimson Peak,2,-1,-1,-1,0,-1,1,-1,-1,1,1,0,-2,-1,-1,-1,-1,0,-1,-1,-1,1,-1,0,-1,1,-1,-1,-1,-1,0,1,,,,,,,,,,,,,,,,,,,,,,,,,,
Cymbeline,1.5,-1,-1,-1,0,2,-1,-1,-1,1,1,0,1,-1,-1,-1,-1,1,0,-1,-1,-1,1,0,0,-1,0,-1,1,1,0,0,0,,,,,,,,,,,,,,,,,,,,,,,,,
Da Sweet Blood of Jesus,2,,,,,,,,,,,,,,,,,,,,,,,,,,,,,,,,,,,,,,,,,,,,,,,,,,,,,,,,,
Daddys Home 2,1,-2,-1,-1,0,-1,-1,1,1,-1,1,-1,-1,-1,1,-1,-1,0,-1,-1,1,1,1,-1,-1,-1,1,-1,1,0,-1,-1,-1,-1,0,0,-1,1,-1,-1,-1,-1,,,,,,,,,,,,,,,,
Daddys Home,2,-1,1,0,1,-1,-1,1,1,0,-1,-1,1,-1,1,-1,1,0,1,-1,1,-2,-1,-1,0,-1,-2,-1,-1,-1,-1,-1,-1,,,,,,,,,,,,,,,,,,,,,,,,,
Danish Girl,3,-1,2,1,1,1,0,1,-1,0,1,1,1,-1,-1,-1,-1,1,-1,1,-1,-1,2,1,-1,-1,1,0,,,,,,,,,,,,,,,,,,,,,,,,,,,,,,
Danny Collins,3,,,,,,,,,,,,,,,,,,,,,,,,,,,,,,,,,,,,,,,,,,,,,,,,,,,,,,,,,
Dark Night,2,1,-1,1,-1,-1,-1,1,-1,1,1,1,-1,1,1,-1,-1,1,1,-1,-1,-1,-1,-1,-1,-1,1,1,,,,,,,,,,,,,,,,,,,,,,,,,,,,,,
Dark Tower,1,-1,0,-1,1,1,-1,1,0,0,1,-1,-1,-1,-1,-1,-1,-1,1,-1,1,-1,-1,1,-1,0,-1,-1,-1,-1,-1,1,0,1,1,-1,0,1,0,-1,-1,0,-1,-1,1,1,0,,,,,,,,,,,
Dead Men Tell No Tales,3,-1,-1,0,0,-1,-1,-1,1,0,-1,-1,-2,1,1,0,-1,-1,-1,-1,-1,0,0,-1,-1,-1,-1,-1,1,1,-1,-1,,,,,,,,,,,,,,,,,,,,,,,,,,
Deadpool,2.5,0,-1,1,1,-1,-1,-1,-1,-2,0,1,-1,0,1,0,-1,-1,1,-1,-1,1,-1,1,-1,-1,-1,-1,-1,-1,1,-1,-1,-1,-1,-1,1,1,-1,,,,,,,,,,,,,,,,,,,
Dean,3.5,1,1,1,1,0,-1,-1,2,2,0,1,0,1,0,-1,-1,-1,-1,1,-1,0,0,1,-1,1,0,1,2,1,1,1,0,1,,,,,,,,,,,,,,,,,,,,,,,,
Deepwater Horizon,3,-1,-1,-2,-1,-1,0,-1,-1,0,0,1,2,-1,-1,-1,-1,-1,-1,1,-1,-1,-1,-1,,,,,,,,,,,,,,,,,,,,,,,,,,,,,,,,,,
Demolition,1.5,0,-1,-1,-1,0,-1,-1,0,1,2,1,-1,-1,-1,0,-2,-1,-1,-1,-1,-2,0,0,-1,0,0,-1,0,2,,,,,,,,,,,,,,,,,,,,,,,,,,,,
Denail,3,-1,-1,-1,-1,-1,-1,0,-1,-1,-1,-1,-1,-1,1,-1,-1,-1,1,-1,1,-2,1,-1,1,,,,,,,,,,,,,,,,,,,,,,,,,,,,,,,,,
Desierto,2,0,-1,-1,-1,1,-1,-1,0,-1,1,-1,-1,0,-1,-1,1,-1,1,-1,1,-1,0,-1,1,-1,,,,,,,,,,,,,,,,,,,,,,,,,,,,,,,,
Dig Two Graves,3.5,1,1,-1,0,1,1,-1,-1,-1,1,0,-1,0,-1,0,-1,0,0,1,2,,,,,,,,,,,,,,,,,,,,,,,,,,,,,,,,,,,,,
Digging For Fire,3.5,1,-1,0,1,1,0,-1,1,1,-1,0,-1,-1,0,1,-1,0,0,0,-1,0,0,-1,-1,-1,-1,1,-1,2,-1,0,,,,,,,,,,,,,,,,,,,,,,,,,,
Dirty Grandpa,0,-1,-2,-1,,,,,,,,,,,,,,,,,,,,,,,,,,,,,,,,,,,,,,,,,,,,,,,,,,,,,,
Dog Eat Dog,3,-1,-1,-1,-1,1,-1,-1,0,1,-1,-1,-1,1,-1,0,-1,-1,-1,,,,,,,,,,,,,,,,,,,,,,,,,,,,,,,,,,,,,,,
Dont Breathe,3,-2,1,0,-1,-1,-1,0,-1,-1,0,-1,-1,-2,-1,-1,1,-1,1,-1,-1,1,-1,-1,-1,-1,1,-1,-1,-1,0,1,,,,,,,,,,,,,,,,,,,,,,,,,,
Drunk Stoned Brilliant Dead,3.5,-1,2,0,-1,-1,-1,-1,-1,1,-1,2,-1,-1,-1,0,-1,-1,-1,,,,,,,,,,,,,,,,,,,,,,,,,,,,,,,,,,,,,,,
Dunkirk,4,-1,-1,1,2,1,1,-1,1,2,1,-1,0,-1,-2,-1,-1,-2,-1,-1,1,1,-1,1,-1,-1,-1,0,-1,2,,,,,,,,,,,,,,,,,,,,,,,,,,,,
Eddie the Eagle,3,-1,-1,-1,-1,-1,-1,-2,-1,-1,-1,-1,0,-1,-1,1,-1,1,1,-1,2,-1,1,1,-1,-2,-1,0,,,,,,,,,,,,,,,,,,,,,,,,,,,,,,
Elstree 1976,3.5,0,-1,-1,-1,0,-2,-1,-1,-1,-1,-1,1,-1,-1,1,-1,-1,-2,-1,1,0,,,,,,,,,,,,,,,,,,,,,,,,,,,,,,,,,,,,
Elvis and Nixon,3.5,-1,0,-1,1,0,-1,-1,0,-1,0,-1,1,2,1,1,1,0,1,-1,-1,0,1,-1,-1,-2,-1,2,1,0,-1,-1,-1,1,1,-1,-1,1,,,,,,,,,,,,,,,,,,,,
Entourage,2,,,,,,,,,,,,,,,,,,,,,,,,,,,,,,,,,,,,,,,,,,,,,,,,,,,,,,,,,
Equals,2,-1,1,-1,-1,-1,-1,0,0,-1,0,-1,0,-1,-1,-1,0,0,-1,-1,-1,1,1,-1,0,1,-1,0,1,,,,,,,,,,,,,,,,,,,,,,,,,,,,,
Everest,3,-2,1,-1,-1,-1,-1,-1,-1,-1,-1,-1,1,1,-1,0,0,-1,-1,-1,-1,1,-1,0,1,,,,,,,,,,,,,,,,,,,,,,,,,,,,,,,,,
Every Secret Thing,2,0,1,-1,1,-1,-1,-1,0,0,-1,-1,-1,-1,-1,0,-1,1,-1,-1,1,-1,-2,-1,-1,1,1,-1,-1,0,,,,,,,,,,,,,,,,,,,,,,,,,,,,
Every Thing Will Be Fine,2,-1,-1,-1,-1,-1,-1,-1,-1,1,0,0,-2,-1,-1,1,-1,-1,1,1,-1,-1,-1,-1,0,-1,-1,-1,-1,,,,,,,,,,,,,,,,,,,,,,,,,,,,,
Everybody Wants Some,4,-1,1,-1,-1,1,1,0,-1,-1,0,1,0,1,-2,1,1,-1,2,-1,1,0,-1,-1,1,-1,-1,-1,-1,-1,-1,,,,,,,,,,,,,,,,,,,,,,,,,,,
Everything Everything,1,0,-1,1,1,-2,-1,-1,1,-1,-1,-1,0,-1,-1,-1,-1,0,-1,-1,1,-1,-1,0,-1,-1,-2,-1,1,-1,-1,-1,0,,,,,,,,,,,,,,,,,,,,,,,,,
Ex Machina,3.5,-1,-1,0,1,1,-1,0,0,0,-1,0,1,1,-1,1,0,-1,-1,1,1,-1,1,1,1,1,-1,-1,1,-1,1,-1,1,-1,-1,-1,2,1,-1,-1,1,-1,0,1,-1,0,1,-1,1,1,,,,,,,,
Experimenter,2.5,-1,0,-1,1,-1,0,-2,1,0,-1,1,-1,-1,-1,1,-1,-1,1,-1,1,2,-1,1,-1,-1,-1,-1,1,1,1,-1,1,,,,,,,,,,,,,,,,,,,,,,,,,
Eye in the Sky,3,1,1,-1,-1,-1,-1,0,0,-1,1,-1,-1,-1,-1,0,-1,1,-1,-1,-1,1,-1,1,1,,,,,,,,,,,,,,,,,,,,,,,,,,,,,,,,,
Fantastic Beasts,3,2,-1,1,-1,-1,-1,0,1,1,1,-1,-2,1,0,-2,1,-1,1,0,-1,-1,-1,1,-1,1,1,-1,,,,,,,,,,,,,,,,,,,,,,,,,,,,,,
Fantastic Four,1.5,-1,0,0,-1,-1,0,0,-1,-1,-1,0,-1,-1,-1,0,-1,-1,-2,-1,1,1,1,-1,-1,-1,-1,-1,-1,1,0,0,0,1,0,,,,,,,,,,,,,,,,,,,,,,,
Fate of the Furious,2,-1,0,1,-1,-1,0,-1,0,-1,-1,-2,-1,0,-1,-1,-1,-1,-1,1,-1,1,0,-1,-1,-1,-1,-1,-1,-1,-1,1,1,-1,-1,-1,,,,,,,,,,,,,,,,,,,,,,
Fences,3,1,2,1,-1,1,-1,1,-1,1,-1,1,-1,1,-1,-1,0,-1,1,-1,1,-1,1,2,1,,,,,,,,,,,,,,,,,,,,,,,,,,,,,,,,,
Fifty Shades Darker,2,-1,-1,-1,1,0,-1,-1,-1,0,-1,-1,-1,-1,0,-1,-2,0,1,1,-1,0,1,2,-1,-2,0,-1,,,,,,,,,,,,,,,,,,,,,,,,,,,,,,
Fifty Shades of Gray,1.5,-1,0,-1,-1,0,-1,-1,-1,-1,-1,0,-1,-1,1,1,-1,-1,-1,1,-1,-1,-1,-1,1,1,1,-1,0,-1,0,-1,0,0,0,-1,-1,0,1,0,1,0,0,0,1,0,0,0,,,,,,,,,,
Finding Dory,3,0,0,0,0,1,1,-1,0,1,-1,2,1,1,-1,-1,-1,-1,-1,-1,-1,-1,1,2,-1,1,-1,1,-1,1,,,,,,,,,,,,,,,,,,,,,,,,,,,,
First Kill,3,0,-1,1,-1,-1,-1,-1,0,-1,-1,1,0,-2,-1,-1,2,-1,-1,0,-1,1,-1,0,0,-1,0,0,,,,,,,,,,,,,,,,,,,,,,,,,,,,,,
First They Killed My Father,3,-1,1,-1,0,-1,1,1,-1,0,0,-1,-1,1,2,-1,1,2,-1,-1,1,,,,,,,,,,,,,,,,,,,,,,,,,,,,,,,,,,,,,
Fist Fight,0,-1,-1,-1,-1,-1,-1,-1,0,-1,-1,0,-1,0,1,-1,1,0,-1,-1,-1,1,-1,-1,-1,-1,-1,-1,-1,1,0,-1,0,-1,-1,0,1,-1,-1,-1,-1,-1,-1,0,,,,,,,,,,,,,,
Flag Flying,4,-1,-1,-1,0,1,1,1,-1,1,-1,-1,-1,0,-1,-1,-1,-1,-1,1,-1,0,2,0,-1,-1,0,1,0,2,,,,,,,,,,,,,,,,,,,,,,,,,,,,
Florida Project,3.5,-1,0,0,0,-1,-1,1,-1,-1,-1,-1,-1,1,-1,-1,-1,-1,0,-1,-1,-1,1,-1,1,0,-1,-1,-1,1,-1,-1,,,,,,,,,,,,,,,,,,,,,,,,,,
Focus,3.5,-1,-1,1,-1,0,-1,1,1,-1,-1,-1,1,-1,-1,1,-1,0,-1,-1,-1,1,-1,-1,1,-1,-1,2,1,1,,,,,,,,,,,,,,,,,,,,,,,,,,,,
Francofonia,3.5,1,-1,-1,1,-2,-1,1,-2,0,-2,1,1,2,,,,,,,,,,,,,,,,,,,,,,,,,,,,,,,,,,,,,,,,,,,,
Free Fire,3,1,-2,0,0,-1,-1,0,-1,-1,-1,-1,0,0,-1,-1,1,1,0,-1,0,-1,-1,-1,-1,-1,-1,-1,-1,-1,1,-1,1,1,0,0,1,-1,0,,,,,,,,,,,,,,,,,,,
Free State of Jones,3.5,1,0,-1,-1,-1,1,-1,0,-1,1,-2,-1,-1,1,2,-1,-1,-1,-1,-1,0,0,-1,-1,0,0,-1,1,-1,0,-1,-1,-1,-1,1,2,1,,,,,,,,,,,,,,,,,,,,
Freeheld,2.5,-1,1,-1,1,-1,-1,-1,-1,-1,-1,-1,0,-1,1,-1,-1,-1,-1,0,0,-1,-1,-1,-1,-1,-1,1,-1,1,1,-1,-1,,,,,,,,,,,,,,,,,,,,,,,,,
Furious 7,3,0,-2,-2,1,-1,-1,-1,-2,-1,1,-1,-1,-1,-1,0,1,-1,0,1,1,-1,-1,-1,-1,-1,-1,-1,-1,1,0,,,,,,,,,,,,,,,,,,,,,,,,,,,
Genius,3.5,-1,-1,1,-1,1,-1,1,-1,-1,-1,-1,-1,0,1,-1,-1,-1,-1,-1,1,-1,-1,-1,-1,-1,-1,-1,1,-1,,,,,,,,,,,,,,,,,,,,,,,,,,,,
Get a Job,3,0,-1,-1,-1,-1,-1,1,-1,1,0,-1,1,-1,0,-1,-1,-1,1,-1,0,1,-1,-1,-1,,,,,,,,,,,,,,,,,,,,,,,,,,,,,,,,,
Get Hard,2,,,,,,,,,,,,,,,,,,,,,,,,,,,,,,,,,,,,,,,,,,,,,,,,,,,,,,,,,
Get Out,3.5,0,-1,1,-1,0,0,-1,-1,1,-1,0,-1,1,-1,1,-1,1,-1,-1,0,0,0,0,0,-1,-2,-1,1,-1,-1,2,1,-1,2,,,,,,,,,,,,,,,,,,,,,,,
Ghost in the Shell,2.5,-1,-1,0,-1,-1,0,0,-1,-1,-1,0,1,0,1,1,-2,-1,-1,-1,-1,-1,-1,-1,-1,0,0,,,,,,,,,,,,,,,,,,,,,,,,,,,,,,,
Ghostbusters,1,-1,-1,-1,0,1,-1,0,-1,-2,0,1,-1,-1,0,-1,-1,-1,-1,-1,-1,-1,1,-1,0,0,-1,0,-1,0,-1,-1,-1,1,-1,-1,-1,-1,0,-1,-1,-1,-1,-1,-1,1,0,,,,,,,,,,,
Gifted,4,1,0,1,-1,1,-1,-1,1,1,-1,1,0,-1,0,1,-1,-1,-1,1,1,1,-1,0,1,1,1,1,1,1,,,,,,,,,,,,,,,,,,,,,,,,,,,,
Girl on th eTrain,2,0,1,-1,-1,-2,-1,-1,-1,-1,1,-1,0,-1,-1,1,1,-1,1,-1,-2,-1,-2,-1,-1,-1,-1,-1,-1,0,,,,,,,,,,,,,,,,,,,,,,,,,,,,
Girls Trip,3,-1,-1,-1,-1,-1,1,1,-1,-1,1,1,-1,-1,-1,-1,-1,-1,-1,1,1,0,-1,1,1,0,0,0,1,1,-1,-1,-1,1,1,-1,1,-1,1,,,,,,,,,,,,,,,,,,,
Glass Castle,2,0,-2,0,1,-1,0,-1,-1,-1,1,-1,-1,-1,-1,-1,-1,-1,-1,-1,-1,1,-1,-1,-1,-1,0,1,-1,0,,,,,,,,,,,,,,,,,,,,,,,,,,,,
Gold,3,-1,1,1,1,1,1,-1,-1,-1,-1,1,-1,-1,1,-1,-1,1,1,1,1,0,0,-1,-1,,,,,,,,,,,,,,,,,,,,,,,,,,,,,,,,,
Good Kill,3,1,-1,-1,-1,-1,-1,-1,-1,1,0,-1,-1,1,1,0,1,-1,-1,-1,-1,-1,1,1,-1,0,1,0,,,,,,,,,,,,,,,,,,,,,,,,,,,,,,
Good Time,2.5,0,2,-1,1,1,0,1,-1,-2,-1,1,0,-1,-2,-1,-1,0,0,-1,-1,-1,-1,-1,-1,-1,-1,0,0,0,-1,,,,,,,,,,,,,,,,,,,,,,,,,,,
Goodbye Christopher Robin,2,2,-1,1,-1,1,-1,-1,-1,-1,-1,-1,-1,0,-1,-1,-1,-2,2,-2,-1,-1,-1,-1,1,-1,,,,,,,,,,,,,,,,,,,,,,,,,,,,,,,,
Goodnight Mommy,3.5,0,1,-1,-1,0,1,-1,1,1,-2,-1,-1,1,-1,-1,0,0,0,2,-1,-1,,,,,,,,,,,,,,,,,,,,,,,,,,,,,,,,,,,,
Green Room,3.5,-1,0,-1,0,-1,0,-1,1,1,0,0,-1,-1,-1,1,0,-1,-1,-1,-1,1,-1,-1,-1,-1,1,1,-1,0,1,0,1,2,,,,,,,,,,,,,,,,,,,,,,,,
Guardians of the Galaxy 2,3,-1,1,-1,-1,1,2,-1,-1,1,0,1,-1,-1,-1,-1,-1,-1,-1,-1,-1,-1,-1,-1,0,-1,0,-1,1,-1,-1,-1,-1,,,,,,,,,,,,,,,,,,,,,,,,,
Gun Shy,1.5,-1,-1,-1,-1,-1,-2,-2,-1,0,-1,-1,-1,0,0,-1,-2,-1,-1,-1,0,-1,-1,-1,-1,-1,-1,,,,,,,,,,,,,,,,,,,,,,,,,,,,,,,
Hacksaw Ridge,3,0,-1,-1,0,-1,-1,0,-1,-1,-1,0,-1,-1,-1,-1,2,-1,-1,-1,0,-1,0,-1,-1,-1,-1,2,-1,1,0,1,-1,2,1,-1,,,,,,,,,,,,,,,,,,,,,,
Hail Ceaser,4,0,-1,2,1,1,1,1,1,0,1,-1,1,-1,-1,1,-1,-1,-1,-1,-1,-1,1,1,1,-1,0,1,1,-1,-1,-1,1,-1,0,1,1,2,,,,,,,,,,,,,,,,,,,,
Hands of Stone,3.5,1,-1,-1,1,1,0,0,1,-1,-1,0,1,1,-1,-1,-1,-1,-1,0,1,0,0,0,1,1,,,,,,,,,,,,,,,,,,,,,,,,,,,,,,,,
Heaven Knows What,3,1,1,0,1,1,-1,-2,-1,-1,-1,-1,1,0,-2,1,-1,,,,,,,,,,,,,,,,,,,,,,,,,,,,,,,,,,,,,,,,,
Heist,0,-1,1,0,-1,-1,-1,-1,-1,-1,-1,-1,-1,-2,-1,-1,-1,-1,,,,,,,,,,,,,,,,,,,,,,,,,,,,,,,,,,,,,,,,
Hell or High Water,4,1,-1,-1,-1,1,1,-1,-1,-1,1,-1,-1,-1,1,0,-1,-1,1,-1,-1,0,-1,-1,-2,1,-1,-1,-1,-1,-1,1,0,0,-1,0,-1,2,-1,1,-1,1,2,-1,,,,,,,,,,,,,,
Henrietta Lacks,3,1,0,-1,0,-1,1,1,0,-1,-1,0,-1,1,1,-1,-1,-1,-1,-1,1,1,-1,-1,0,-1,1,-1,-1,-1,1,-1,,,,,,,,,,,,,,,,,,,,,,,,,,
Hidden Figures,3.5,1,-1,-1,1,0,-1,-1,-1,2,-1,1,1,-1,1,-1,-1,-1,1,-1,1,-1,-1,1,1,1,1,1,0,0,-1,1,,,,,,,,,,,,,,,,,,,,,,,,,,
High Rise,2.5,-1,-1,-1,1,-1,-1,-1,0,-1,-1,0,-1,1,2,2,1,-1,-1,-1,-1,-1,1,1,-1,-1,0,0,-1,-1,,,,,,,,,,,,,,,,,,,,,,,,,,,,
Hitmans Bodyguard,1.5,-1,0,-1,-1,1,0,-1,1,-2,-1,-1,-2,1,0,-1,0,-1,-1,-1,-1,-1,-1,-2,-1,0,-1,-1,-2,,,,,,,,,,,,,,,,,,,,,,,,,,,,,
Hitman,1.5,1,-1,1,0,-2,0,-1,-2,-1,-1,0,-1,-1,1,1,1,-1,-1,-2,-1,-1,0,0,1,-1,1,1,-1,0,-1,,,,,,,,,,,,,,,,,,,,,,,,,,,
Hockney,3,-1,2,2,-1,-1,-1,-1,-1,-1,1,-1,1,1,-1,1,,,,,,,,,,,,,,,,,,,,,,,,,,,,,,,,,,,,,,,,,,
Hologram For A King,3.5,0,1,0,0,1,2,-1,-2,-2,0,-1,0,0,-1,0,-1,1,0,0,-1,0,-1,-1,0,1,2,1,0,-1,,,,,,,,,,,,,,,,,,,,,,,,,,,,
Home Again,2,1,-2,-1,1,1,1,-1,-1,-1,-1,1,0,0,-1,-1,0,-1,1,1,1,0,1,-1,-1,-1,-1,-1,-1,1,-1,-1,-1,-1,1,0,0,0,-1,-1,-1,-1,-1,-1,,,,,,,,,,,,,,
Home,2,,,,,,,,,,,,,,,,,,,,,,,,,,,,,,,,,,,,,,,,,,,,,,,,,,,,,,,,,
Hot Pursuit,1.5,-1,-1,-1,-1,-1,1,-1,-1,-2,1,0,-1,1,-1,-2,-1,-1,-1,-1,0,0,-1,-1,1,-1,-1,-2,1,1,0,,,,,,,,,,,,,,,,,,,,,,,,,,,
Hot Tub Time Machine 2,1,0,1,-1,-2,0,-1,-1,-1,-1,1,-1,-1,-1,-1,-1,-1,-1,-1,-1,-1,-1,0,-1,1,-1,-1,-1,-1,-1,-1,0,-1,,,,,,,,,,,,,,,,,,,,,,,,,
How to Be Single,3.5,-1,-1,-1,0,-1,0,2,-1,0,0,-1,1,-1,-1,1,-1,0,2,0,-1,-1,1,-1,1,2,0,1,1,,,,,,,,,,,,,,,,,,,,,,,,,,,,,
How to Plan an Orgy in a Small Town,1.5,-1,-1,-1,-1,-1,1,-1,1,1,-1,-1,0,-1,-1,1,-1,0,,,,,,,,,,,,,,,,,,,,,,,,,,,,,,,,,,,,,,,,
I am Big Bird,3.5,1,-1,0,0,-1,1,-1,-1,-1,-1,-1,1,0,-1,1,-1,-1,-1,-1,-1,-1,-1,1,-1,1,,,,,,,,,,,,,,,,,,,,,,,,,,,,,,,,
I Saw The Light,3,0,1,-1,-1,-1,-1,1,-1,-1,1,1,-1,1,1,-1,-1,1,-1,1,-1,1,0,1,1,-1,-1,-1,,,,,,,,,,,,,,,,,,,,,,,,,,,,,,
I Smile Back,3,-1,1,1,-1,1,-1,-1,1,-1,-1,1,0,2,1,-1,-1,0,-1,-1,-1,-1,-1,0,-1,-1,-1,,,,,,,,,,,,,,,,,,,,,,,,,,,,,,,
Illicit,2,1,-1,-1,1,-1,-1,1,1,1,-1,1,1,-1,-1,-1,-1,0,0,-1,-1,-1,-1,-1,-2,-1,-1,,,,,,,,,,,,,,,,,,,,,,,,,,,,,,,
Imperiu,3.5,-1,-1,-1,-1,-1,-1,0,0,-1,-1,-1,-1,-1,1,-1,-1,0,1,-1,-1,1,,,,,,,,,,,,,,,,,,,,,,,,,,,,,,,,,,,,
Inconvenient Sequel,3,-1,-1,-1,1,0,-1,0,-1,-1,-1,-1,-1,-1,-1,1,-2,-1,-1,0,-1,-1,1,0,,,,,,,,,,,,,,,,,,,,,,,,,,,,,,,,,,
Independence Day Resurgence,1.5,-1,-1,1,-1,0,1,0,0,0,0,0,0,0,0,-1,1,-1,0,-2,0,0,0,-1,-1,-1,-1,1,-1,-2,-1,-1,-1,-1,1,-1,-1,-1,-1,1,-1,1,-1,-1,1,-1,-1,,,,,,,,,,,
Infinitely Polar Bear,3,-1,-1,-1,1,0,-1,1,-1,1,-1,-1,-1,-1,-1,1,-1,1,1,2,,,,,,,,,,,,,,,,,,,,,,,,,,,,,,,,,,,,,,
Ingrid Goes West,3.5,-1,1,-1,-1,-1,2,-1,-1,-1,-1,-1,0,0,-1,-1,-1,-1,1,1,1,-2,1,,,,,,,,,,,,,,,,,,,,,,,,,,,,,,,,,,,
Inherent Vice,3,,,,,,,,,,,,,,,,,,,,,,,,,,,,,,,,,,,,,,,,,,,,,,,,,,,,,,,,,
Inside Out,4,2,0,1,1,1,-1,1,1,1,2,1,0,-1,-1,-1,-1,-1,-1,0,-1,-1,1,-1,1,-1,-1,-1,0,0,-1,-1,2,1,,,,,,,,,,,,,,,,,,,,,,,,
Irrational Man,3.5,1,-1,-1,-1,1,-1,-1,-1,-1,0,1,0,-1,1,1,1,1,-1,-1,-1,-1,-1,0,-1,,,,,,,,,,,,,,,,,,,,,,,,,,,,,,,,,
It Comes At Night,3,0,0,0,0,-1,1,2,1,1,-1,-1,-1,-1,-1,-1,0,1,1,0,2,0,-1,1,-1,-1,-1,1,,,,,,,,,,,,,,,,,,,,,,,,,,,,,,
IT,4,1,-1,-1,-1,0,-2,-1,1,0,2,1,-1,-1,-1,-2,-1,-1,-1,1,-1,-1,-1,0,2,1,-1,-1,-1,-1,0,-1,1,0,0,1,2,1,1,-1,0,,,,,,,,,,,,,,,,,
Jack Reacher Never Go Back,1.5,-1,1,-1,-1,-1,-1,-2,-2,-1,1,-1,-1,-1,-1,-1,0,-1,0,-1,-2,-1,-1,-1,-1,-1,-1,-1,-1,0,-2,0,0,,,,,,,,,,,,,,,,,,,,,,,,,
Jackie,3,0,1,1,1,-1,0,-1,-1,0,-1,-1,1,-1,-1,-1,-1,1,-1,2,1,-1,0,-1,-1,0,-1,1,,,,,,,,,,,,,,,,,,,,,,,,,,,,,,
Jason Bourne,3.5,-2,-1,-1,-2,0,0,-1,-1,-1,1,-1,2,1,1,1,-2,-1,0,-1,-1,0,2,1,-1,-1,-1,0,1,,,,,,,,,,,,,,,,,,,,,,,,,,,,,
Jennys Wedding,1,0,-1,0,-2,-1,-1,-1,0,-1,1,-1,-1,-1,1,0,-1,-1,0,-1,-1,0,,,,,,,,,,,,,,,,,,,,,,,,,,,,,,,,,,,,
John Wick Chapter 2,3.5,-1,-1,0,1,1,-1,-2,-1,-1,-1,-1,0,-1,0,0,-1,0,0,1,-2,2,1,0,-1,-1,-1,-1,-1,2,1,0,2,1,-1,0,,,,,,,,,,,,,,,,,,,,,,
Joy,3,1,1,1,2,-1,-1,1,-1,-1,1,-1,0,0,-1,-1,-1,0,-1,-1,-2,-1,-1,-1,-1,1,-1,-1,0,-1,-1,-1,-1,-1,0,1,-1,0,0,0,0,-1,0,1,1,1,,,,,,,,,,,,
Jurassic World,3.5,0,1,1,-1,-1,-1,-1,-1,-1,1,0,0,1,2,1,0,-1,1,0,1,-1,-1,-1,0,0,0,-1,-1,-1,0,-1,-1,-1,0,1,1,-1,-1,1,-1,0,1,0,1,0,,,,,,,,,,,,
Justice League,3.5,0,-1,-1,0,-1,-1,-1,-1,-2,-1,1,0,1,1,-1,-1,-1,1,-1,-1,1,0,-1,-1,-1,0,0,-1,1,-1,-1,1,-1,1,-1,1,,,,,,,,,,,,,,,,,,,,,
Kickok,2,-1,-1,-1,0,0,-1,0,0,-1,-1,-1,-2,-1,-1,1,-1,0,-1,1,0,1,2,-1,1,-1,0,,,,,,,,,,,,,,,,,,,,,,,,,,,,,,,
Kidnapping Mrs Heineken,2,,,,,,,,,,,,,,,,,,,,,,,,,,,,,,,,,,,,,,,,,,,,,,,,,,,,,,,,,
Kidnap,2.5,-1,-1,-1,1,-1,-1,-1,1,-1,0,-1,-1,-1,-1,-1,1,-1,-1,1,0,0,1,-1,-1,-1,1,-1,-1,-1,1,1,-1,-1,-1,0,-1,-1,-1,0,-1,-1,,,,,,,,,,,,,,,,
Killing Gunther,3,-1,1,-1,-1,-1,-1,-1,-1,-1,-1,1,-1,-1,1,-1,-1,-1,-1,-1,0,1,-1,-1,1,,,,,,,,,,,,,,,,,,,,,,,,,,,,,,,,,
Killing Sacred Deer,3,1,1,1,-1,0,-1,-1,-1,1,-1,-1,-1,-1,-1,1,1,0,0,0,-1,-1,1,-1,-1,-1,-1,-1,1,,,,,,,,,,,,,,,,,,,,,,,,,,,,,
King Arthur,3,1,-1,-1,0,-1,0,1,1,-1,1,-1,-1,1,-1,-1,1,-1,0,-1,1,-1,1,1,-1,1,-1,0,1,1,-1,0,,,,,,,,,,,,,,,,,,,,,,,,,,
Kingsman Golden Circle,1.5,-1,-1,0,-1,-1,-1,-1,-1,-1,0,1,0,0,0,-1,0,-1,-1,1,0,1,1,-1,-1,-1,0,-1,-1,1,0,-1,-1,-1,-1,-1,-1,-1,-1,-1,-1,-1,-1,1,,,,,,,,,,,,,,
Kingsman The Secret Service,3.5,,,,,,,,,,,,,,,,,,,,,,,,,,,,,,,,,,,,,,,,,,,,,,,,,,,,,,,,,
Knight of Cups,2,-1,1,1,1,-1,-1,-1,-1,-1,-1,-1,-1,-1,0,-1,-1,-1,-1,0,-1,-1,1,-1,,,,,,,,,,,,,,,,,,,,,,,,,,,,,,,,,,
Knock Knock,3,1,-2,-1,-1,1,-1,1,0,1,-1,1,1,-1,0,-1,1,-1,1,-1,0,1,1,-1,-1,-1,-1,-1,0,-1,-1,1,-1,1,1,-1,-1,0,,,,,,,,,,,,,,,,,,,,
Kong Skull Island,3,-1,-1,-2,-1,2,-1,-1,-1,-2,-1,-1,-1,-1,1,1,-1,2,-1,-1,1,0,0,-1,-1,2,1,1,-1,,,,,,,,,,,,,,,,,,,,,,,,,,,,,
La La Land,4,-1,2,-1,1,-1,1,2,1,1,1,1,1,-1,-1,1,0,0,0,1,2,2,-1,2,1,1,-1,0,-1,0,2,,,,,,,,,,,,,,,,,,,,,,,,,,,
Lady in the Van,3,-1,-1,1,1,1,-1,-1,-1,-1,1,-1,-1,0,-1,1,-1,-1,0,-1,-1,1,,,,,,,,,,,,,,,,,,,,,,,,,,,,,,,,,,,,
Ladybird,4,1,-1,2,2,2,-1,0,2,-1,1,-1,-1,-1,-1,2,-1,1,1,-1,1,1,0,0,1,,,,,,,,,,,,,,,,,,,,,,,,,,,,,,,,,
Landline,3.5,1,-1,-1,0,1,-1,-1,-1,1,-1,1,-1,-1,-1,-1,1,-1,-1,-1,-2,-1,1,2,1,1,-1,1,1,2,1,,,,,,,,,,,,,,,,,,,,,,,,,,,
Last Face,1.5,1,-1,-1,-1,-1,-1,-1,-1,1,-1,1,-1,0,-1,1,-1,,,,,,,,,,,,,,,,,,,,,,,,,,,,,,,,,,,,,,,,,
Lazarus Effect,1,-1,0,-1,-1,-1,1,-1,0,0,0,-1,-1,1,-1,0,1,-1,1,1,-1,0,-1,-1,0,-1,-1,-1,-1,1,-1,,,,,,,,,,,,,,,,,,,,,,,,,,,
LBJ,3,-1,1,1,0,1,0,-1,-1,-1,-1,1,-1,-1,1,1,1,-1,0,-1,-1,1,-1,2,-1,1,1,,,,,,,,,,,,,,,,,,,,,,,,,,,,,,,
Leap!,3,-1,1,2,-1,0,0,-1,0,1,1,2,1,-1,-1,-1,-1,-1,-1,-1,-1,-1,1,0,-1,1,1,,,,,,,,,,,,,,,,,,,,,,,,,,,,,,,
Legend of Tarzan,2.5,-1,-1,0,1,-1,-1,-1,1,-1,-1,-1,-1,-1,-1,1,0,-1,-1,-1,1,-1,1,1,0,,,,,,,,,,,,,,,,,,,,,,,,,,,,,,,,,
Legend,2.5,-1,1,-1,-1,1,-1,-1,-1,-1,1,-1,-1,1,-1,-1,-1,-1,-1,1,-1,-1,0,-1,-1,,,,,,,,,,,,,,,,,,,,,,,,,,,,,,,,,
Lego Batman Movie,3.5,-1,1,-1,2,1,-1,-1,-1,-1,1,-1,-1,-1,1,1,2,-1,-1,1,2,-1,,,,,,,,,,,,,,,,,,,,,,,,,,,,,,,,,,,,
Life Robert Pattenson,3,-1,1,-1,-1,1,1,0,,,,,,,,,,,,,,,,,,,,,,,,,,,,,,,,,,,,,,,,,,,,,,,,,,
Life,2,0,1,0,1,-1,0,0,1,-1,1,-1,0,-1,1,-1,1,-1,0,1,1,-1,-1,-1,-1,-1,-1,-1,-1,-1,1,-1,-1,0,1,-1,-1,-2,1,0,0,0,,,,,,,,,,,,,,,,
Light Between Oceans,2,-1,-1,2,-1,-1,-1,-1,-1,-1,-1,0,-1,1,0,-1,1,-1,-1,-1,-1,-1,1,0,-1,-1,0,-1,-1,-1,-1,-1,1,1,1,1,0,1,2,1,1,-1,-1,0,0,0,,,,,,,,,,,,
Lights Out,4,-1,-1,-1,-1,0,0,-1,-1,1,1,0,1,1,2,-1,-1,-1,-1,2,1,0,1,-1,0,-1,1,0,-1,-1,1,0,1,,,,,,,,,,,,,,,,,,,,,,,,,
Lila and Eve,2,1,0,-1,0,1,-1,-1,-1,-1,-1,-2,1,-1,-1,-1,-1,0,1,-1,,,,,,,,,,,,,,,,,,,,,,,,,,,,,,,,,,,,,,
Limehouse Golem,3,-1,1,2,-1,0,0,0,-1,-1,-1,-1,-1,-1,-1,-1,0,-1,-1,0,1,-1,-1,-1,1,-1,-1,1,,,,,,,,,,,,,,,,,,,,,,,,,,,,,,
Lion,3.5,-1,-1,-1,1,0,-1,-1,0,2,1,-1,-1,-1,-1,1,-1,-1,0,-1,1,1,0,-1,-1,1,1,1,2,1,,,,,,,,,,,,,,,,,,,,,,,,,,,,
Little Hours,3,1,-1,0,0,1,1,-1,-1,-2,-1,-1,-1,-1,-1,-1,-1,1,1,-1,0,0,-1,0,,,,,,,,,,,,,,,,,,,,,,,,,,,,,,,,,,
Live By Night,2.5,-1,0,0,0,-1,0,-1,-1,1,-1,0,1,-1,-1,-1,-2,1,-1,0,-1,-1,-1,-1,-2,-1,-2,-1,-1,2,1,-1,,,,,,,,,,,,,,,,,,,,,,,,,,
Live From New York,2.5,-1,0,0,-1,-1,-1,0,0,0,-1,-1,-1,-1,-1,-1,-1,0,0,1,-1,1,-1,0,-1,0,-1,,,,,,,,,,,,,,,,,,,,,,,,,,,,,,,
Logan Lucky,3.5,-1,-1,-1,1,-2,-1,1,-1,-2,1,-1,0,-1,-1,-1,-1,-2,-1,-1,-1,1,1,-1,0,-1,-1,-1,1,-1,-1,1,,,,,,,,,,,,,,,,,,,,,,,,,,
Logan,3.5,1,1,2,-1,-1,0,-1,0,0,-1,0,1,-1,-2,-1,0,-1,-1,-1,-1,-1,0,-1,-1,1,-1,-1,-2,-1,0,-1,1,1,1,1,,,,,,,,,,,,,,,,,,,,,,
London has Fallen,1.5,-1,-1,1,-1,0,-1,-1,1,0,-1,-1,-1,0,-1,-1,-1,0,1,-1,-1,0,-1,-1,-1,-1,-1,-1,0,-1,0,-1,-1,1,-2,-1,,,,,,,,,,,,,,,,,,,,,,
Love and Friendship,3.5,1,-1,0,-1,-1,-1,-1,1,-2,1,-1,-1,0,0,1,1,2,1,1,0,,,,,,,,,,,,,,,,,,,,,,,,,,,,,,,,,,,,,
Love and Mercy,3.5,-1,-1,1,1,-1,0,1,-1,2,1,-1,1,-1,-1,-1,-1,-1,-1,1,-1,-1,-1,-1,1,-1,,,,,,,,,,,,,,,,,,,,,,,,,,,,,,,,
Love,2,-1,0,-1,0,-1,1,-1,0,0,0,1,1,-1,-1,-1,1,1,-1,-1,0,-1,0,-1,-1,0,1,-1,0,1,,,,,,,,,,,,,,,,,,,,,,,,,,,,
Loving,2.5,-1,-1,-1,1,-1,2,-1,1,0,-1,1,-1,-1,1,1,-1,-1,-1,-1,-1,-1,-1,-1,-1,-1,1,1,1,1,-1,,,,,,,,,,,,,,,,,,,,,,,,,,,
Mad Max Fury Road,4,1,-1,1,0,0,2,0,1,1,-2,-1,-1,1,-1,-1,-1,-1,0,-1,1,0,-1,-2,0,-1,-1,-1,1,-1,0,-1,-1,1,-1,1,1,-1,1,,,,,,,,,,,,,,,,,,,
Maggies Plan,3.5,0,1,1,1,-1,1,0,1,0,1,1,-1,1,1,1,-1,1,-1,1,-1,0,-1,1,-1,,,,,,,,,,,,,,,,,,,,,,,,,,,,,,,,,
Magnificent Seven,3,1,0,0,0,-1,0,0,-1,-1,-1,1,0,1,0,1,0,-1,-1,0,0,-1,-1,-1,-1,1,1,-1,-2,2,1,-1,-1,1,,,,,,,,,,,,,,,,,,,,,,,,
Man Down,1,1,0,-1,-1,-1,-1,0,-1,-1,-1,-1,-1,-2,-1,0,-1,-1,-1,1,-1,-1,-1,-1,-1,0,-2,-1,,,,,,,,,,,,,,,,,,,,,,,,,,,,,,
Manchester By The Sea,4,-1,2,0,1,1,-1,1,-1,1,0,-1,-1,1,2,0,-1,-1,2,-1,1,-1,1,2,-1,1,-1,-1,-1,-1,1,-1,1,-1,1,2,,,,,,,,,,,,,,,,,,,,,,
Maps to the Stars,2,1,1,1,1,-1,-1,-1,1,1,-1,-1,-2,0,1,-1,-1,-1,-1,-1,1,-1,-1,-1,-1,1,-2,,,,,,,,,,,,,,,,,,,,,,,,,,,,,,,
Marauders,3,-1,-1,-1,-1,-1,1,-1,0,-1,1,1,-1,-1,1,,,,,,,,,,,,,,,,,,,,,,,,,,,,,,,,,,,,,,,,,,,
Marfa Girl,2,-1,1,-1,-1,-1,2,-1,-1,-1,-1,1,-1,-2,-1,-1,-1,-1,1,-1,-1,0,-1,-1,,,,,,,,,,,,,,,,,,,,,,,,,,,,,,,,,,
Mark Felt,2.5,-1,-1,-1,-1,-1,-1,-1,-1,-1,-1,1,-1,0,-1,-1,-1,-1,-1,-1,1,-1,-1,1,-1,-1,0,1,-1,0,-1,-2,,,,,,,,,,,,,,,,,,,,,,,,,,
Marshall,3,1,0,1,-1,1,0,-1,-1,-2,-1,-1,1,1,-1,-1,-1,2,-1,1,1,1,1,1,0,,,,,,,,,,,,,,,,,,,,,,,,,,,,,,,,,
Maudie,3.5,0,-1,-2,-1,-1,1,1,-1,1,-1,-1,1,-1,1,1,-1,-1,1,1,0,1,1,1,0,-1,1,-1,-1,-1,1,-1,1,1,,,,,,,,,,,,,,,,,,,,,,,,
Mayhem,3.5,1,1,1,-2,-1,1,2,-1,1,1,,,,,,,,,,,,,,,,,,,,,,,,,,,,,,,,,,,,,,,,,,,,,,,
McFarland USA,3,-1,2,-1,0,-1,1,-1,-1,1,-1,-1,0,0,0,-1,-1,-1,-1,2,-1,1,-1,0,0,,,,,,,,,,,,,,,,,,,,,,,,,,,,,,,,,
Me and Earl and the Dying Gril,4,1,0,0,1,-1,-1,1,1,0,-1,-1,1,-1,2,-1,-1,1,-1,-1,-1,1,1,1,-1,1,-2,-1,0,2,1,,,,,,,,,,,,,,,,,,,,,,,,,,,
Me Before You,2,-1,-2,-1,-1,-1,-2,0,-1,-1,1,1,-1,-1,-1,0,-1,-1,-1,-1,0,0,0,0,0,-1,1,,,,,,,,,,,,,,,,,,,,,,,,,,,,,,,
Meadowland,3,-1,1,0,0,1,0,-2,1,1,-1,0,-1,-1,0,1,-1,1,-1,0,1,-1,-1,1,-1,0,0,-1,-1,,,,,,,,,,,,,,,,,,,,,,,,,,,,,
Mean Dreams,3.5,1,0,-1,-1,-1,1,1,-1,-2,-1,-1,-1,-1,1,-2,1,0,0,-1,0,,,,,,,,,,,,,,,,,,,,,,,,,,,,,,,,,,,,,
Megan Leavey,3.5,0,-1,0,-1,1,-1,2,-1,-1,-2,-1,-1,-1,-1,-1,-1,-1,-1,1,2,-1,-1,-1,-2,1,2,-1,-1,,,,,,,,,,,,,,,,,,,,,,,,,,,,,
Meru,3.5,1,1,-1,0,-1,-1,0,-1,-1,-1,2,2,1,0,1,1,1,-1,-1,-1,0,0,-1,1,2,2,,,,,,,,,,,,,,,,,,,,,,,,,,,,,,,
Meyerowitz Stories,3.5,-1,1,0,-1,-1,-1,-1,1,1,1,-1,-1,-1,-1,-1,-1,-1,1,-1,-1,0,0,-1,-1,1,-1,,,,,,,,,,,,,,,,,,,,,,,,,,,,,,,
Microbe and Gasoline,3,2,-1,0,1,0,1,1,1,1,1,-1,-1,0,1,1,1,-1,-1,-1,0,1,1,1,,,,,,,,,,,,,,,,,,,,,,,,,,,,,,,,,,
Midnight Special,3.5,1,1,-1,1,-1,0,-1,-1,-1,1,-1,-1,0,0,0,0,0,1,-1,1,1,2,0,1,1,1,-1,1,,,,,,,,,,,,,,,,,,,,,,,,,,,,,
Miles Ahead,3,2,-1,1,1,0,2,-1,-1,-1,1,-1,1,1,-1,1,-1,1,1,1,-1,1,-1,-1,1,-1,1,1,,,,,,,,,,,,,,,,,,,,,,,,,,,,,,
Miss Peregrine,1.5,-1,0,1,-2,-1,-1,-1,-1,1,1,-1,-1,-1,0,0,0,-1,-1,-1,-1,1,-1,-1,-1,-1,-1,-1,0,-1,-1,1,,,,,,,,,,,,,,,,,,,,,,,,,,
Miss Sloane,3.5,0,-1,-1,0,-1,1,1,-1,-1,1,-1,-1,0,1,0,0,-2,-1,-1,-1,0,-1,-1,1,1,-1,1,1,-1,1,1,,,,,,,,,,,,,,,,,,,,,,,,,,
Mission Impossible Rogue Nation,3.5,-1,1,0,0,-1,-1,2,-1,-1,-1,1,-1,-2,1,0,2,-1,-1,-1,-1,-1,-1,1,1,-1,,,,,,,,,,,,,,,,,,,,,,,,,,,,,,,,
Mississippi Grind,3.5,-2,0,-1,-2,0,-1,-1,-1,1,1,0,1,0,1,1,1,-1,0,0,0,-1,-1,-1,1,1,-1,-2,1,-1,0,,,,,,,,,,,,,,,,,,,,,,,,,,,
Mistres America,2.5,-1,-1,-1,-1,-1,-1,-1,-1,1,-1,-1,-1,2,-1,-1,0,-1,0,-1,0,-2,-1,-1,,,,,,,,,,,,,,,,,,,,,,,,,,,,,,,,,,
Moana,3.5,1,0,0,-1,1,0,0,1,-1,-1,-1,2,-1,2,2,1,-1,-1,1,-1,-1,-1,-1,0,1,0,1,1,1,1,1,0,1,1,1,1,,,,,,,,,,,,,,,,,,,,,
Mockingjay Part 2,3,,,,,,,,,,,,,,,,,,,,,,,,,,,,,,,,,,,,,,,,,,,,,,,,,,,,,,,,,
Mojave,4,-1,-1,0,0,0,0,0,0,0,-1,2,2,2,-1,0,-1,-2,-1,0,-1,-1,-1,1,0,-1,1,0,-1,1,1,-1,-1,-1,1,1,1,1,,,,,,,,,,,,,,,,,,,,
Money Monster,3.5,1,1,-1,1,-1,-1,-1,1,-1,-1,-1,-1,1,1,-1,-1,-1,-1,-1,1,1,-1,-1,-1,-1,-1,-1,-1,1,-1,,,,,,,,,,,,,,,,,,,,,,,,,,,
Moonlight,4,-1,1,1,-1,1,-1,1,-1,1,-1,-1,-1,0,1,-1,-1,1,0,0,1,1,1,2,2,-1,1,1,1,2,,,,,,,,,,,,,,,,,,,,,,,,,,,,
Moonwalkers,3,-1,1,-1,0,0,-1,-1,0,-1,-1,0,1,1,-1,-1,-1,-1,-1,-1,1,,,,,,,,,,,,,,,,,,,,,,,,,,,,,,,,,,,,,
Morghan,1,-1,-1,0,-1,-1,-1,-1,-1,1,1,-1,1,-1,0,-1,0,1,0,-1,-1,-1,0,0,0,-1,-2,-1,-1,-1,-1,-1,-1,-1,0,-1,-2,-2,,,,,,,,,,,,,,,,,,,,
mother!,2,0,1,0,-1,-1,-1,-1,0,0,0,-1,1,-1,-1,0,1,-1,-1,0,-2,-1,-1,-2,-1,-1,-1,-1,0,0,-1,1,0,0,-1,-1,0,1,-1,-1,-1,1,0,1,,,,,,,,,,,,,,
Mothers Day,0,-1,0,1,0,-1,-1,1,-1,0,-1,0,0,0,-1,0,0,-1,1,1,-1,-1,0,0,-1,0,-1,-1,-1,-1,1,-1,-1,-1,-1,-1,-1,1,0,-1,1,1,-1,-1,1,-1,0,0,-1,1,0,-1,-1,-1,0,1,0,-1
Mountain Between Us,1.5,1,-1,-1,-1,-1,-1,-1,-1,0,0,-1,-1,-1,2,-1,-2,-1,-1,1,0,0,0,-1,-1,-1,1,-1,-1,-1,0,0,0,0,0,-1,0,-1,-1,-1,-1,-2,-1,-1,0,-1,0,-1,-1,0,,,,,,,,
Movement and Locomotion,3.5,-1,-1,0,-1,1,-2,1,-1,0,0,-1,0,-1,1,-1,0,0,-1,-1,-1,-1,,,,,,,,,,,,,,,,,,,,,,,,,,,,,,,,,,,,
Mr Right,3.5,,,,,,,,,,,,,,,,,,,,,,,,,,,,,,,,,,,,,,,,,,,,,,,,,,,,,,,,,
Mudbound,3.5,-1,1,-1,-1,-1,-1,-2,-1,-2,0,-1,-1,2,-1,-1,-1,-1,-1,-1,-1,-1,0,-1,1,,,,,,,,,,,,,,,,,,,,,,,,,,,,,,,,,
Murder on the Orient Express,2.5,-1,-1,-1,1,-1,0,1,1,-1,-1,-2,1,-1,1,-1,-1,-1,-1,-1,-1,-1,0,2,1,-1,-1,-1,1,-1,0,-1,1,-1,0,1,-1,0,,,,,,,,,,,,,,,,,,,,
My Big Fat Greek Wedding 2,3,-1,-1,0,2,1,1,1,-1,-1,1,-1,-1,1,-1,-1,-1,-1,-1,0,-2,1,0,1,1,1,-1,0,1,1,-1,-1,,,,,,,,,,,,,,,,,,,,,,,,,,
Neighbors 2,1.5,-1,1,1,-1,-1,-1,-1,-1,-1,-1,-1,-1,1,-1,-1,-1,1,0,0,0,-1,-1,-1,-1,-1,-2,1,-1,-1,1,-1,-1,-1,,,,,,,,,,,,,,,,,,,,,,,,
Nerve,2,-1,0,-1,-1,-1,-1,0,-1,0,-1,1,-1,-1,0,0,-1,2,1,1,0,-1,-1,-1,-1,-1,1,-1,-1,-1,-1,-1,-1,-1,-1,-1,-1,1,0,0,0,0,0,,,,,,,,,,,,,,,
No Escape,3,-1,-1,-1,-1,-1,-1,0,-1,0,-2,-1,-1,-1,-1,-2,-1,0,-1,1,-1,-1,0,0,0,-1,-1,-1,-1,,,,,,,,,,,,,,,,,,,,,,,,,,,,,
Nocturnal Animals,2,1,-1,2,1,1,-1,1,-1,1,0,1,0,-1,-1,-1,-1,-1,0,-1,-1,1,1,-1,-1,0,1,-1,-1,-1,1,-1,1,-1,,,,,,,,,,,,,,,,,,,,,,,,
Norman,3.5,-1,0,1,-1,1,-1,1,-1,-1,-1,1,0,1,1,1,1,0,0,1,1,-1,1,0,1,0,1,1,2,,,,,,,,,,,,,,,,,,,,,,,,,,,,,
Not A Stranger,3,-1,0,1,-1,-1,0,-1,-1,0,-1,-1,-1,-1,2,-1,-1,0,-1,-1,-1,0,0,-1,0,1,-1,-1,1,1,-1,-1,1,-1,1,2,0,2,1,-1,-1,-1,1,,,,,,,,,,,,,,,
Now You See Me 2,1.5,-2,-1,-1,1,-1,0,1,-2,0,-1,-1,-1,-1,-1,-1,0,-1,-1,-1,-1,0,-1,-1,-1,1,-1,-1,-2,-1,-1,1,-1,,,,,,,,,,,,,,,,,,,,,,,,,
Obit,3.5,0,0,0,-1,-1,-1,1,-1,1,-1,0,-1,1,1,-1,-1,-1,-1,1,-1,-1,-1,-1,0,,,,,,,,,,,,,,,,,,,,,,,,,,,,,,,,,
Office Christmas Party,2,-1,1,-1,-2,-1,1,-1,0,-1,0,1,-1,-1,-1,0,-1,0,1,1,-1,-1,-1,-1,-1,0,1,-1,,,,,,,,,,,,,,,,,,,,,,,,,,,,,,
Okja,3,-1,-1,0,-1,0,0,-1,1,-1,-1,2,0,0,-1,1,-1,1,-1,0,0,1,1,-1,-1,-1,-1,-1,-1,-1,-1,-1,,,,,,,,,,,,,,,,,,,,,,,,,,
Once Upon A Time In Venice,3,2,-1,-1,-1,-1,-1,1,0,-1,0,0,-1,-1,-1,-1,1,-1,-1,0,-1,1,,,,,,,,,,,,,,,,,,,,,,,,,,,,,,,,,,,,
Only The Brave,3.5,-1,-1,1,0,0,0,-1,1,0,-1,-1,0,-1,-1,-1,-1,-1,-1,1,-1,-1,1,-1,0,,,,,,,,,,,,,,,,,,,,,,,,,,,,,,,,,
Other People,3.5,-1,1,0,-1,1,-1,1,-1,0,1,1,1,1,-1,1,-1,1,-1,-1,-1,1,-1,,,,,,,,,,,,,,,,,,,,,,,,,,,,,,,,,,,
Ottoman Leutenant,1,-1,0,-1,1,-1,-1,-1,-1,-1,-1,-1,-1,-1,-1,-1,2,-1,1,0,-1,1,-1,,,,,,,,,,,,,,,,,,,,,,,,,,,,,,,,,,,
Our Brand is Crisis,2,0,-1,-1,-1,1,0,-1,-1,-1,-1,0,-1,1,1,-1,-1,-1,-2,0,-1,-1,-1,-1,1,,,,,,,,,,,,,,,,,,,,,,,,,,,,,,,,,
Our Souls at Night,3.5,-1,1,-1,-1,-1,1,1,-1,-1,1,1,-1,-1,-1,0,-1,1,0,-1,1,-1,-1,0,-1,-1,-1,1,0,-1,-1,-2,1,,,,,,,,,,,,,,,,,,,,,,,,,
Paper Towns,3.5,1,0,-1,-1,0,-1,-2,-1,1,-1,1,0,-1,0,1,1,-1,1,1,-1,-1,0,0,0,-1,-1,-1,1,0,1,-1,1,-1,-1,0,0,-1,,,,,,,,,,,,,,,,,,,,
Paris Cqn Wait,2,-1,1,2,-1,-1,1,-1,1,-1,-1,-1,-1,-1,0,-1,1,-1,-1,-1,0,0,-1,0,-1,-1,-1,-1,-1,-1,-1,-1,,,,,,,,,,,,,,,,,,,,,,,,,,
Passengers,1.5,-1,0,0,1,0,-1,-1,0,-1,-2,1,-1,1,-1,-1,0,0,0,-1,-1,0,-1,-1,0,-1,-1,-1,0,-1,-1,0,-1,,,,,,,,,,,,,,,,,,,,,,,,,
Paterson,3.5,-2,1,1,-1,1,0,-1,-1,-1,1,0,1,1,1,0,-1,1,-1,1,-1,-1,0,-1,-1,1,-1,1,1,-1,-1,0,,,,,,,,,,,,,,,,,,,,,,,,,,
Patriots Day,3.5,-1,-1,-1,-1,-1,-1,-1,1,-1,-1,0,-1,1,1,0,-1,-1,0,2,1,-1,-1,2,2,0,1,1,-1,-1,-1,0,0,,,,,,,,,,,,,,,,,,,,,,,,,
Patti Cakes,3,-1,0,0,1,-1,-1,-1,-1,2,1,-1,-1,-2,-1,-1,0,1,1,-1,0,-1,1,0,2,1,1,1,-1,0,,,,,,,,,,,,,,,,,,,,,,,,,,,,
Pawn Sacrifice,4,0,0,-1,0,0,-1,1,2,-1,-1,-1,-1,-1,-1,1,-1,-1,1,-1,1,1,1,1,-1,-1,0,-1,2,1,,,,,,,,,,,,,,,,,,,,,,,,,,,,
PeeWees Big Holiday,2,-1,1,1,-1,-1,-1,-1,-1,-1,-1,-1,1,1,-1,-1,0,-1,0,0,0,-1,-2,1,-1,-1,0,-1,1,2,1,,,,,,,,,,,,,,,,,,,,,,,,,,,
Personal Shopper,4,-1,0,0,0,2,1,1,-1,-2,1,-1,-1,0,0,-1,-1,-1,2,1,-1,-1,-1,1,1,1,2,0,0,1,-1,1,-1,1,,,,,,,,,,,,,,,,,,,,,,,,
Pilgrimage,3,-1,1,1,0,2,0,-1,1,0,1,-1,0,-1,-1,1,0,-1,-1,1,1,-1,1,1,,,,,,,,,,,,,,,,,,,,,,,,,,,,,,,,,,
Pitch Perfecty 2,2,0,-1,0,-1,-1,-1,-1,-1,-1,-1,0,2,1,-1,0,-1,-1,-1,1,0,-1,1,0,0,0,0,-1,-1,-1,-1,0,-1,1,-1,-1,1,0,-1,-1,,,,,,,,,,,,,,,,,,
Pixels,2,,,,,,,,,,,,,,,,,,,,,,,,,,,,,,,,,,,,,,,,,,,,,,,,,,,,,,,,,
Popstar,3.5,-2,0,0,-1,1,1,0,-1,0,-1,-1,-1,0,1,1,-1,1,-1,-1,-1,0,1,-1,-2,0,2,-1,,,,,,,,,,,,,,,,,,,,,,,,,,,,,,
Predestination,3.5,,,,,,,,,,,,,,,,,,,,,,,,,,,,,,,,,,,,,,,,,,,,,,,,,,,,,,,,,
Pride Predjudice Zombies,3,-1,-1,-1,-1,1,-1,1,-1,-1,-1,1,-1,-1,0,-1,-2,-1,-1,-1,1,1,-1,2,-1,-1,-1,-1,0,-1,-1,-1,-1,0,0,,,,,,,,,,,,,,,,,,,,,,,
Queen of Katwe,3,0,1,-1,-1,1,0,-1,1,1,-1,-1,-1,1,1,-1,-1,-1,-1,-1,1,1,,,,,,,,,,,,,,,,,,,,,,,,,,,,,,,,,,,,
Queen of the Desert,2,0,0,-1,-1,-1,-1,-1,1,-1,2,-1,-1,1,-1,-1,-1,-1,-1,-1,-1,0,-1,-1,-1,0,1,0,1,,,,,,,,,,,,,,,,,,,,,,,,,,,,,
Queens Horses,3.5,-1,-1,1,-1,1,1,,,,,,,,,,,,,,,,,,,,,,,,,,,,,,,,,,,,,,,,,,,,,,,,,,,
Race,2,1,0,1,-1,1,1,0,-1,0,-1,1,1,0,1,1,1,-1,0,-1,-1,-1,-1,-1,-1,1,-1,,,,,,,,,,,,,,,,,,,,,,,,,,,,,,,
Real Life of ROcky,3.5,-1,1,-1,1,-1,-1,0,2,0,0,-1,-1,-1,-1,-1,0,-1,-1,-1,-1,-1,1,-1,1,1,0,1,,,,,,,,,,,,,,,,,,,,,,,,,,,,,,
Rebel in the Rye,3,1,0,-1,-2,0,0,-1,1,1,1,0,0,-1,-1,0,0,1,-1,-1,1,1,1,-1,-1,-1,,,,,,,,,,,,,,,,,,,,,,,,,,,,,,,,
Red Army,3.5,,,,,,,,,,,,,,,,,,,,,,,,,,,,,,,,,,,,,,,,,,,,,,,,,,,,,,,,,
Remember,2,-1,0,-1,-1,1,-1,-1,0,-1,-1,-1,1,-1,-1,-1,1,-1,1,-1,,,,,,,,,,,,,,,,,,,,,,,,,,,,,,,,,,,,,,
Resuots,3,1,0,0,-1,1,-1,0,-1,-1,-1,0,-1,-1,0,-1,-1,1,-1,1,-1,0,-1,-1,-1,-1,-1,-1,2,1,-1,1,1,-1,1,2,1,-1,,,,,,,,,,,,,,,,,,,,
Ricki and the Flash,3,1,1,-1,0,1,1,1,0,1,-1,0,0,-1,1,-1,-1,1,0,-1,-1,1,1,0,-1,-1,-1,1,-1,0,-1,1,0,,,,,,,,,,,,,,,,,,,,,,,,,
Ride Along 2,2,-1,-1,-1,1,-1,0,1,1,1,-1,-2,-1,1,1,-1,-1,-1,-1,-1,1,-1,-1,-1,-1,1,-1,-1,-1,2,1,1,-1,,,,,,,,,,,,,,,,,,,,,,,,,
Risen,2,-1,-1,1,0,0,1,-1,-1,-1,-1,-1,-1,-1,-1,0,0,-1,-1,-1,-1,-1,-1,1,1,-1,-1,,,,,,,,,,,,,,,,,,,,,,,,,,,,,,,
Risk,3.5,-1,0,-1,0,-1,1,-2,-1,1,-1,-1,-1,-1,-1,-1,-1,0,-1,-1,,,,,,,,,,,,,,,,,,,,,,,,,,,,,,,,,,,,,,
Road Hard,3,-1,1,0,-1,-1,-1,0,-1,-1,-1,0,2,-1,0,-1,1,-1,-1,-1,0,-1,1,2,1,-1,-1,,,,,,,,,,,,,,,,,,,,,,,,,,,,,,,
Rock The Kasbah,1,-1,1,-1,-2,0,1,-1,-1,0,-1,-1,0,-1,0,-1,-1,-1,-1,0,0,-1,-1,1,0,-1,0,-1,-1,-2,0,,,,,,,,,,,,,,,,,,,,,,,,,,,
Rogue One,3.5,1,2,1,-1,-1,1,1,1,-2,0,1,0,-1,1,-1,-1,-1,-1,-1,-1,-1,1,-1,-1,-1,-1,1,1,-1,-1,1,1,1,1,-1,-1,-1,1,-1,0,1,,,,,,,,,,,,,,,,
Rolling Papers,3,-1,-1,0,-1,-1,1,1,0,-1,-1,-1,0,-1,-1,-1,-1,-1,-1,-1,-1,-1,1,1,,,,,,,,,,,,,,,,,,,,,,,,,,,,,,,,,,
Room,4,0,-1,1,2,-1,1,0,1,1,-1,1,-1,1,0,-1,1,-1,0,2,-1,1,1,-1,-1,0,0,2,1,2,1,1,-1,1,-1,2,,,,,,,,,,,,,,,,,,,,,,
Rough Night,1.5,-1,-1,-1,-1,-1,-1,-1,1,-1,0,-1,1,-1,-1,-1,-1,-1,-1,-2,-2,0,0,0,-1,-1,0,-1,0,-1,-1,1,-1,-1,-1,,,,,,,,,,,,,,,,,,,,,,,
Rules Dont Apply,3.5,-1,1,-1,1,-1,1,-1,-1,0,-1,-1,-1,-1,-1,0,-1,0,-1,-1,-1,1,-1,-1,1,-1,-1,1,,,,,,,,,,,,,,,,,,,,,,,,,,,,,,
Run All Night,3.5,-1,-1,-1,-1,-1,-1,-1,1,-1,-1,1,-1,-1,-1,-1,1,2,-1,1,-1,-1,-2,1,1,1,-1,-1,-1,0,-1,-1,,,,,,,,,,,,,,,,,,,,,,,,,,
Running Back,4,-1,,,,,,,,,,,,,,,,,,,,,,,,,,,,,,,,,,,,,,,,,,,,,,,,,,,,,,,,
Sausage Party,3,-1,-1,-1,-1,-1,-1,-1,-2,-1,0,0,1,-1,-1,0,1,-2,-1,1,1,-1,1,-1,-1,1,1,,,,,,,,,,,,,,,,,,,,,,,,,,,,,,,
Score,3,-1,1,0,1,-1,0,0,0,1,-1,0,1,1,1,0,-1,1,-1,1,1,0,,,,,,,,,,,,,,,,,,,,,,,,,,,,,,,,,,,,
Secret in their Eyes,3.5,-1,1,1,-1,-2,1,1,-1,-1,-1,1,-1,0,2,-1,-1,-1,1,-1,-1,-1,0,-1,1,1,1,-1,-1,1,1,2,-1,1,-1,1,-1,,,,,,,,,,,,,,,,,,,,,
Secret Life of Pets,2,0,-1,0,1,0,-1,0,0,1,-1,1,-1,1,-1,-1,1,0,-1,1,-1,-1,1,1,-1,0,-1,1,0,-1,1,0,-1,0,0,-1,-1,-1,1,-1,1,0,1,1,1,-1,1,1,-1,1,1,-1,,,,,,
Self Less,2,-1,-1,0,0,-1,0,-1,1,1,1,-1,-1,-1,1,0,-1,-1,-1,-1,-1,2,1,1,-1,-1,-1,1,-1,-1,0,,,,,,,,,,,,,,,,,,,,,,,,,,,
Selma,4,,,,,,,,,,,,,,,,,,,,,,,,,,,,,,,,,,,,,,,,,,,,,,,,,,,,,,,,,
Serena,1,,,,,,,,,,,,,,,,,,,,,,,,,,,,,,,,,,,,,,,,,,,,,,,,,,,,,,,,,
Seventh Son,1,,,,,,,,,,,,,,,,,,,,,,,,,,,,,,,,,,,,,,,,,,,,,,,,,,,,,,,,,
Shanghai,2,0,0,-1,-1,-1,-1,-1,0,2,-2,-1,-1,-1,0,1,1,-1,1,0,-1,-1,1,-1,0,2,0,-1,-1,-1,-2,,,,,,,,,,,,,,,,,,,,,,,,,,,
Shes Funny That Way,2,-1,1,-1,0,1,-1,-1,-1,-1,-1,-1,-1,-1,0,0,-1,1,-1,0,0,1,1,1,-1,,,,,,,,,,,,,,,,,,,,,,,,,,,,,,,,,
Sicario,4,1,0,-1,-1,-1,-1,-1,1,1,-1,-1,-1,-1,1,-1,-1,-1,-1,-2,1,2,-1,1,-1,1,1,-1,-1,2,1,1,-1,2,,,,,,,,,,,,,,,,,,,,,,,,
Silence,4,1,0,0,0,-1,-1,-1,1,1,-1,-1,-1,-1,1,-1,-1,-1,-1,-1,-1,-2,0,-1,-1,-1,1,,,,,,,,,,,,,,,,,,,,,,,,,,,,,,,
Sisters,1.5,1,1,1,1,-2,1,-1,-1,-1,-1,-2,0,-1,-1,1,-1,-2,2,-1,1,0,-1,-1,-1,1,1,1,0,0,,,,,,,,,,,,,,,,,,,,,,,,,,,,
Sleeping With Other People,3.5,1,1,-1,-1,1,2,-1,1,-1,0,-1,-1,0,-1,-1,-1,1,2,-1,-1,-1,1,-1,-1,2,,,,,,,,,,,,,,,,,,,,,,,,,,,,,,,,
Sleight,3.5,1,2,1,1,1,1,2,1,-1,-1,-1,1,0,1,1,-1,-1,-1,-1,-1,1,1,2,-1,,,,,,,,,,,,,,,,,,,,,,,,,,,,,,,,,
Snatched,2,-1,1,0,-1,-1,1,-2,2,-1,-1,-1,-1,-1,-1,1,0,-1,-1,0,1,0,1,-1,1,2,0,-1,2,-1,-1,-1,-1,,,,,,,,,,,,,,,,,,,,,,,,,
Snowden,3,0,0,0,-1,1,-1,2,-1,-2,1,-1,-2,-1,-1,-1,1,-1,0,-1,-1,1,-1,1,-1,1,,,,,,,,,,,,,,,,,,,,,,,,,,,,,,,,
Son of Saul,4,1,2,-1,-1,-1,0,-1,-1,-1,1,-1,-1,-1,-1,-1,-1,-1,1,2,1,,,,,,,,,,,,,,,,,,,,,,,,,,,,,,,,,,,,,
Song to Song,2,-1,-1,-1,-1,-1,1,-1,-1,-1,1,1,-1,-1,-1,-1,-1,1,1,-1,-1,1,-1,-1,-1,-1,-1,1,,,,,,,,,,,,,,,,,,,,,,,,,,,,,,
Southbound,3.5,-1,-1,-1,1,2,1,1,1,-1,-1,-2,-1,-1,1,1,-1,-1,-1,-1,-1,0,-1,-1,-1,-1,-1,-1,-1,-1,0,1,,,,,,,,,,,,,,,,,,,,,,,,,,
Southpaw,3.5,-1,-1,0,-1,1,-1,0,1,0,-1,0,-1,0,-1,-1,-1,-1,1,-1,0,-1,1,0,-1,1,1,0,1,1,-1,1,-1,-1,-1,1,-1,-1,-1,1,-1,-1,,,,,,,,,,,,,,,,
Southside With You,3.5,-1,0,2,-1,1,0,0,0,-1,1,1,1,-1,1,1,-1,-1,-1,0,0,-1,1,1,-1,2,2,-1,-1,1,-1,-1,1,-1,,,,,,,,,,,,,,,,,,,,,,,,
Spectre,3,-1,0,1,-1,-1,1,2,1,-1,1,-1,-1,0,0,-1,0,-1,0,-1,-1,1,-1,0,1,1,1,0,-1,-1,-1,1,1,-1,0,-1,-1,-1,-1,,,,,,,,,,,,,,,,,,,
Spiderman Homecoming,3.5,-1,-1,0,1,1,-1,0,-1,1,-1,0,-1,1,1,-1,-1,-1,-1,-1,-1,-1,1,1,1,1,-1,1,0,1,0,1,-1,,,,,,,,,,,,,,,,,,,,,,,,,
Spielberg,4,1,1,2,0,1,1,-1,1,1,-1,-1,0,0,0,1,-1,1,-1,1,1,-1,2,1,,,,,,,,,,,,,,,,,,,,,,,,,,,,,,,,,,
Split,3.5,2,0,0,-1,-1,0,-1,2,1,1,-1,1,-1,-1,0,2,-1,1,-1,-2,-1,1,1,-1,-1,0,0,1,,,,,,,,,,,,,,,,,,,,,,,,,,,,,
Spotlight,3.5,1,1,-1,-1,-1,-1,-1,-1,-1,0,0,-1,1,1,-2,-1,-1,1,-1,-1,1,-1,-1,1,-1,1,,,,,,,,,,,,,,,,,,,,,,,,,,,,,,,
Spy,3,-1,-2,0,1,0,1,0,-1,0,-1,1,-1,-1,-1,1,-2,-1,-1,0,0,-1,-1,-1,1,0,1,1,1,-1,1,-1,-1,1,-1,1,,,,,,,,,,,,,,,,,,,,,,
Star Trek Beyond,3,1,-1,-1,1,-1,-1,1,0,0,-1,0,1,-1,1,-1,-1,0,-1,0,-1,-1,0,0,-1,-1,-1,-1,1,1,-1,1,0,,,,,,,,,,,,,,,,,,,,,,,,,
Star Wars The Force Awakesn,4,1,1,2,1,-1,0,-1,1,0,-1,-1,0,-1,1,1,1,-1,-1,0,1,-1,-1,1,1,-1,-1,1,1,1,-1,2,1,1,-1,1,0,0,-1,,,,,,,,,,,,,,,,,,,
Steve Jobs,3.5,-1,1,-1,1,-1,1,-1,-1,-1,-1,-1,-1,0,-1,-1,-1,-1,1,0,1,-1,-1,1,-1,1,-1,0,-1,0,-1,-1,,,,,,,,,,,,,,,,,,,,,,,,,,
Still Alice,3,,,,,,,,,,,,,,,,,,,,,,,,,,,,,,,,,,,,,,,,,,,,,,,,,,,,,,,,,
Straight Outta Compton,3.5,,,,,,,,,,,,,,,,,,,,,,,,,,,,,,,,,,,,,,,,,,,,,,,,,,,,,,,,,
Strangerland,1,0,-1,-1,-1,0,2,1,-1,1,-1,0,-1,-1,-1,-1,-1,0,-1,0,-1,0,-1,-1,-1,-1,-1,-1,0,-1,-1,-1,1,-1,-1,-1,-1,0,-1,,,,,,,,,,,,,,,,,,,
Stronger,3.5,1,0,0,-1,-1,1,1,0,-2,0,2,-1,1,1,1,1,0,-1,2,1,-2,2,-1,1,1,1,-1,1,1,-1,-1,1,,,,,,,,,,,,,,,,,,,,,,,,,
Suicide Squad,2,-2,-2,0,-1,-2,-1,0,0,0,-1,-1,1,-1,-1,-1,-1,-2,-2,-1,-1,0,0,0,-1,1,-1,-1,-1,0,0,0,,,,,,,,,,,,,,,,,,,,,,,,,,
Sully,4,0,-1,0,0,-1,-1,-1,0,0,1,2,2,-1,-1,0,-1,-1,-1,1,0,-1,0,1,1,-1,-1,-1,1,2,,,,,,,,,,,,,,,,,,,,,,,,,,,,
Swiss Army Man,3,1,0,-1,0,1,0,0,-1,0,-1,-1,-1,1,1,-1,-1,1,1,-1,0,-1,-1,-1,2,1,0,-1,1,,,,,,,,,,,,,,,,,,,,,,,,,,,,,
T2 Trainspotting,4,1,1,1,-1,-1,-1,1,-1,1,-1,-1,-1,-1,-1,1,-1,-2,-1,-1,1,1,-1,2,,,,,,,,,,,,,,,,,,,,,,,,,,,,,,,,,,
Tab Hunter Confidential,3,0,-1,-1,1,-1,-1,1,-1,0,-1,1,,,,,,,,,,,,,,,,,,,,,,,,,,,,,,,,,,,,,,,,,,,,,,
Table 19,2.5,1,-1,-1,-1,-1,-1,-1,1,-1,0,-1,-1,-1,-1,-1,-1,0,-1,-1,0,0,-1,-1,-1,0,-1,1,1,-1,,,,,,,,,,,,,,,,,,,,,,,,,,,,
Taken 3,1.5,-1,-1,-2,-1,-1,0,-1,-1,-1,0,-1,-1,-1,-1,0,-1,-1,-1,-1,-1,1,1,1,1,-1,0,-1,-1,-1,-1,0,-1,0,-1,,,,,,,,,,,,,,,,,,,,,,,
Takin Place,3,-1,-1,0,2,-1,0,0,1,-1,0,-1,-1,-1,-1,0,-1,1,,,,,,,,,,,,,,,,,,,,,,,,,,,,,,,,,,,,,,,,
Tallulah,3.5,1,2,1,-1,0,-1,-1,-1,-1,-1,-1,-1,1,0,-1,1,1,-1,1,1,1,,,,,,,,,,,,,,,,,,,,,,,,,,,,,,,,,,,,
Ted 2,2,-1,-1,1,-1,1,-2,-1,1,-1,-2,-1,0,-2,-1,-1,-1,-1,-1,0,0,0,-1,-1,-1,-1,-1,-1,-1,1,-1,1,,,,,,,,,,,,,,,,,,,,,,,,,,
Terminator Genysis,2,1,-1,-1,-1,-1,1,-1,-1,-1,-1,-1,-1,0,-1,-1,-1,-1,-1,-1,-1,-1,-1,-1,1,-1,1,-1,-1,1,-1,1,-1,,,,,,,,,,,,,,,,,,,,,,,,,
Thanks For Your Service,4,-1,0,0,-1,0,-1,-1,1,-1,0,-1,0,-1,-1,-1,1,0,-1,1,1,0,-1,-1,-1,0,-1,-1,1,,,,,,,,,,,,,,,,,,,,,,,,,,,,,
The Accountant,3.5,1,-1,2,-1,-1,1,1,1,-1,0,0,-1,-1,-1,0,1,-1,-1,1,-1,-1,0,0,1,-1,-1,-1,0,1,1,1,1,,,,,,,,,,,,,,,,,,,,,,,,,
The Age of Adaline,1,1,1,-1,-1,1,-1,0,-1,-1,-1,-1,-1,-1,-1,1,-1,0,-1,-1,-1,-1,1,1,-1,-1,1,-1,-1,0,-1,0,0,-2,-1,-1,1,-1,1,1,0,,,,,,,,,,,,,,,,,
The Bad Batch,2,-1,-1,-1,-1,1,-1,-1,1,-1,-1,0,-1,-1,0,-1,-1,-1,-1,0,-1,-1,1,2,1,1,-1,-1,,,,,,,,,,,,,,,,,,,,,,,,,,,,,,
The Benefactor,2,1,-1,0,0,-1,1,-1,-1,-1,-1,1,-1,1,1,-1,1,1,1,-1,-1,-1,-1,-1,-1,0,-1,,,,,,,,,,,,,,,,,,,,,,,,,,,,,,,
The BFG,2,-1,0,-1,-1,-1,-2,-1,-1,2,1,-1,-1,-1,0,0,-1,-1,-2,-2,-1,-1,0,0,0,0,-1,0,0,-1,1,-1,0,-1,-1,-1,0,0,1,,,,,,,,,,,,,,,,,,,
The Big Short,4,1,-1,1,1,1,-1,1,1,-1,-1,-2,0,-2,-1,-1,-1,1,-1,0,-1,-1,-1,-1,1,1,2,-1,1,0,1,-1,0,2,1,,,,,,,,,,,,,,,,,,,,,,,
The Big Sick,4,,,,,,,,,,,,,,,,,,,,,,,,,,,,,,,,,,,,,,,,,,,,,,,,,,,,,,,,,
The Birth of a Nation,3,0,1,1,1,1,-1,-1,1,-1,1,-1,0,-1,1,-1,-1,0,1,-2,-1,-1,1,1,-1,-1,-1,-1,-1,0,1,,,,,,,,,,,,,,,,,,,,,,,,,,,
The BOss,1,-1,-1,1,-1,-1,-1,-1,-1,1,-1,0,0,0,0,0,1,0,-2,1,-1,1,-1,-1,0,-1,-1,1,-1,1,-1,,,,,,,,,,,,,,,,,,,,,,,,,,,
The Boy Next Door,1,,,,,,,,,,,,,,,,,,,,,,,,,,,,,,,,,,,,,,,,,,,,,,,,,,,,,,,,,
The Bronze,2,-1,-1,-1,1,-1,-1,0,0,0,-1,-1,2,-1,-1,1,-1,1,-1,-1,-1,-2,-1,1,0,,,,,,,,,,,,,,,,,,,,,,,,,,,,,,,,,
The Choice,2,-1,-1,-1,-1,-1,-1,-2,-1,-1,-1,-1,-1,1,-1,-1,-1,-1,1,-1,0,0,0,0,-1,1,-1,1,-1,1,1,1,-1,0,-1,-1,1,1,-1,0,-1,0,0,,,,,,,,,,,,,,,
The Circle,1.5,0,-1,-1,0,1,-1,-1,1,2,-1,-1,-1,1,-1,-1,1,-1,-1,-1,-1,-1,-1,-1,-1,-1,1,-1,1,-1,0,,,,,,,,,,,,,,,,,,,,,,,,,,,
The Cobbler,1,,,,,,,,,,,,,,,,,,,,,,,,,,,,,,,,,,,,,,,,,,,,,,,,,,,,,,,,,
The Comedian,1,-1,-1,-1,-1,0,-1,1,0,1,-1,1,0,-1,-1,1,0,0,-1,-1,1,1,-1,-1,1,0,0,0,0,-1,-1,1,-1,-1,1,,,,,,,,,,,,,,,,,,,,,,,
The Conjuring 2,2.5,-1,-1,0,-1,-1,-1,1,-1,0,-2,-2,-1,-1,0,-1,-1,-1,-1,-1,1,2,-1,0,0,1,-1,,,,,,,,,,,,,,,,,,,,,,,,,,,,,,,
The D Train,1,-1,-1,-2,0,-1,0,0,-1,-1,0,-1,-1,-1,1,-1,0,-1,1,-1,-1,-1,-1,-1,0,0,-1,-1,-1,0,-1,,,,,,,,,,,,,,,,,,,,,,,,,,,
The Dinner,3,1,-1,-1,0,0,0,0,0,-1,-1,0,0,-1,1,-1,-1,0,-1,-1,-1,1,0,-1,1,1,1,1,-1,,,,,,,,,,,,,,,,,,,,,,,,,,,,,
The Discovery,3.5,-1,-1,0,0,1,1,-1,0,0,0,-1,-1,-1,-1,1,0,0,0,1,1,1,1,1,-1,1,0,-1,-1,2,1,0,0,,,,,,,,,,,,,,,,,,,,,,,,,
The Duff,2.5,-1,0,1,-1,-1,-1,1,1,-1,-1,-1,-1,-1,-1,-2,-1,0,0,-1,-1,1,-1,1,1,-1,-1,-1,,,,,,,,,,,,,,,,,,,,,,,,,,,,,,
The End of the TOur,4,-1,1,-1,1,1,1,-1,-1,-1,-1,1,-1,1,1,0,1,-1,1,0,-1,1,2,-1,-1,0,,,,,,,,,,,,,,,,,,,,,,,,,,,,,,,,
The Face of and Angel,2,,,,,,,,,,,,,,,,,,,,,,,,,,,,,,,,,,,,,,,,,,,,,,,,,,,,,,,,,
The Family Fang,3.5,-1,-1,-1,-1,1,1,-1,1,-1,0,-1,1,-1,,,,,,,,,,,,,,,,,,,,,,,,,,,,,,,,,,,,,,,,,,,,
The Finest Hours,2,-1,-1,-1,0,-1,1,1,1,-1,-1,-1,-2,-1,-1,-1,-1,1,0,1,-1,-1,-2,-1,0,1,-1,1,-1,,,,,,,,,,,,,,,,,,,,,,,,,,,,,
The Forger,1.5,1,-1,0,-2,0,-1,0,-1,-1,-1,-1,-1,1,-1,-1,1,-1,0,-1,-1,-1,-1,-1,-1,1,-1,-1,,,,,,,,,,,,,,,,,,,,,,,,,,,,,,
The Founder,4,0,-1,-1,-1,-1,-1,1,-1,1,1,-1,-1,-2,-1,-1,1,-1,-1,-1,-1,-1,-1,-1,-1,1,1,1,,,,,,,,,,,,,,,,,,,,,,,,,,,,,,
The Gallows,3,-1,-1,-1,1,0,1,-1,-1,-1,0,-1,-2,-2,-1,-2,1,-1,-1,-1,-1,-1,0,-2,1,,,,,,,,,,,,,,,,,,,,,,,,,,,,,,,,,
The Gift,3.5,-1,1,1,-1,2,0,0,1,-1,-1,-1,1,1,1,-2,-1,-1,0,-1,0,2,0,1,,,,,,,,,,,,,,,,,,,,,,,,,,,,,,,,,,
The Good Dinosaur,2,-1,-1,-1,-1,1,-1,-1,-1,-1,-1,1,1,-1,-1,1,0,0,-1,1,1,-1,-1,-1,1,1,0,0,-1,-1,-1,2,1,0,0,0,0,1,-1,,,,,,,,,,,,,,,,,,,
The Great Wall,1.5,-1,-1,-1,1,1,-1,-1,-1,0,-2,-1,-1,-2,-1,0,-1,-1,0,-1,-1,0,0,1,0,-1,-1,1,1,1,-1,0,-1,1,-1,-1,-1,1,0,-1,-2,0,1,0,0,-1,,,,,,,,,,,,
The Gunman,1,-1,0,-1,0,-1,1,-1,-1,-1,-1,-1,-1,-1,-1,0,0,-1,-1,-1,0,0,1,-1,1,-1,-1,-1,-2,-1,-1,-1,-1,1,0,0,-1,-1,0,,,,,,,,,,,,,,,,,,,
The Handmaiden,4,-1,-1,-1,-1,1,0,1,1,-1,-1,1,0,0,1,-1,0,-1,1,-1,1,1,1,1,2,,,,,,,,,,,,,,,,,,,,,,,,,,,,,,,,,
The Hateful Eight,4,-2,2,1,1,0,1,-1,-1,-1,-1,0,-1,1,-1,0,-1,-1,1,1,-1,-1,-1,1,-1,1,1,-1,2,1,2,1,1,2,,,,,,,,,,,,,,,,,,,,,,,,
The Hero,3,1,-1,0,1,-1,1,-1,-1,-1,-1,-1,-1,-1,-1,0,0,0,2,2,-1,-1,-1,-1,1,1,2,-1,-1,,,,,,,,,,,,,,,,,,,,,,,,,,,,,
The Hollars,1.5,-1,1,-1,0,0,-1,-1,-1,1,-1,-1,-1,-1,0,-1,0,-1,-1,-2,-1,-1,-1,1,1,-1,-1,,,,,,,,,,,,,,,,,,,,,,,,,,,,,,,
The House,1,0,-1,-1,-1,-1,0,-1,-2,-1,-1,-2,-1,-1,0,-1,-2,0,0,-1,-1,-1,-1,-1,-1,0,1,-1,-1,0,,,,,,,,,,,,,,,,,,,,,,,,,,,,
The Humbling,2,,,,,,,,,,,,,,,,,,,,,,,,,,,,,,,,,,,,,,,,,,,,,,,,,,,,,,,,,
The Infiltrator,4,-1,-1,-1,1,1,1,1,1,1,0,1,1,-1,-1,-1,0,1,2,2,1,1,1,0,-1,1,2,,,,,,,,,,,,,,,,,,,,,,,,,,,,,,,
The Intern,3.5,1,0,-1,2,0,-1,-1,1,1,1,0,0,1,-1,1,-2,-1,-1,-1,-1,1,0,-1,0,2,1,1,,,,,,,,,,,,,,,,,,,,,,,,,,,,,,
The Interview,3,-2,-1,1,-1,-1,-1,-1,-2,-1,-1,-1,-1,0,0,-1,1,-1,0,-1,-1,0,0,0,1,-1,1,-1,1,0,1,-1,-1,1,0,0,0,0,-2,1,-1,-1,-1,-1,,,,,,,,,,,,,,
The Jungle Book,3.5,-1,0,0,1,0,-1,-1,-1,-1,1,-1,1,-1,-1,-1,1,-1,-1,1,-1,-1,1,1,-2,0,,,,,,,,,,,,,,,,,,,,,,,,,,,,,,,,
The Last Five Years,2,-1,1,-1,1,1,0,-1,-1,-1,-1,-1,-1,-2,-1,1,-1,-1,-1,0,1,0,-1,-1,-1,-1,-2,1,-1,,,,,,,,,,,,,,,,,,,,,,,,,,,,,
The Last Man on the Moon,4,-1,-1,-1,0,2,2,0,-1,-1,-1,-1,1,-1,-1,-1,-1,-1,-1,-1,-1,-1,1,1,1,2,,,,,,,,,,,,,,,,,,,,,,,,,,,,,,,,
The Last Witch Hunter,0.5,-1,-1,-2,-1,0,-1,-1,-1,-1,1,-1,0,0,-1,1,0,-1,-1,-1,-1,1,-1,-1,-1,-1,-1,-1,-1,0,-1,-1,,,,,,,,,,,,,,,,,,,,,,,,,,
The Last WOrd,1.5,-1,1,-1,-1,0,-1,-1,-1,-1,-2,0,-1,0,1,0,-1,0,-1,-1,-1,-1,0,0,-1,-1,-1,,,,,,,,,,,,,,,,,,,,,,,,,,,,,,,
The Layover,1,0,-1,1,-1,-1,-1,-1,-1,1,-1,0,-1,-1,-1,0,-1,0,-1,-1,0,1,0,1,0,-1,-1,-2,-1,-1,-1,-1,0,1,2,1,1,-1,1,-1,,,,,,,,,,,,,,,,,,
The Lego Brickumentary,2,1,1,-1,-1,0,1,-1,2,2,-1,0,1,-1,0,-1,1,1,-1,-1,0,-1,-1,-1,-1,0,0,0,-1,,,,,,,,,,,,,,,,,,,,,,,,,,,,,
The Little Prince,3,1,1,0,1,2,1,0,1,1,1,1,-1,-1,0,2,1,-1,1,0,,,,,,,,,,,,,,,,,,,,,,,,,,,,,,,,,,,,,,
The Lobster,3,0,-1,1,-1,-1,0,1,-1,-1,1,-1,0,0,-1,0,0,-1,-1,1,-1,-1,-1,-1,-1,-1,-1,0,-1,1,-1,0,,,,,,,,,,,,,,,,,,,,,,,,,,
The Longest Ride,2,-2,0,-2,-1,-1,0,1,-1,0,-1,0,-1,1,-1,-1,1,-1,1,-1,-1,1,-1,0,-1,-1,1,-1,-1,0,1,1,-1,0,-1,0,0,,,,,,,,,,,,,,,,,,,,,
The Lost City of Z,3.5,-1,0,-1,1,0,1,1,1,1,1,-1,1,-1,-1,1,-1,1,-1,-1,1,-1,1,-1,,,,,,,,,,,,,,,,,,,,,,,,,,,,,,,,,,
The Lovers,3.5,1,-1,1,2,0,-1,-1,0,-1,-1,-1,0,0,0,-1,-1,-1,1,-1,-1,-1,-1,-1,-1,1,1,,,,,,,,,,,,,,,,,,,,,,,,,,,,,,,
The Man from UNCLE,3,-1,1,0,1,2,-1,-1,1,1,-1,-1,-1,-1,-1,-1,-1,1,0,1,0,1,1,1,-1,2,,,,,,,,,,,,,,,,,,,,,,,,,,,,,,,,
The Martian,3.5,0,1,0,1,1,2,1,-1,1,1,1,-1,-1,-2,0,-1,1,-1,1,1,1,1,1,-2,-1,0,2,1,-1,1,,,,,,,,,,,,,,,,,,,,,,,,,,,
The Meddler,3.5,-1,-1,-1,1,1,-1,-1,1,-1,1,-1,0,-1,-1,-1,-1,-2,-1,0,1,-1,1,,,,,,,,,,,,,,,,,,,,,,,,,,,,,,,,,,,
The Mummy,1,0,-1,0,-1,-1,-1,1,-1,-1,1,1,1,1,0,-1,-1,-2,-1,-1,-1,-1,-1,-1,0,0,0,0,0,0,-2,0,-1,-1,-1,-1,-1,,,,,,,,,,,,,,,,,,,,,
The Neon Demon,2,-1,0,1,-1,-1,-1,1,-1,0,0,-1,0,2,-1,-1,-1,-1,1,-1,-1,-1,-1,-1,-1,-1,1,1,-1,-1,1,1,0,1,1,-1,1,1,1,-1,-1,,,,,,,,,,,,,,,,,
The Nice Guys,3,-1,1,-1,-1,0,-1,1,-1,-1,-1,-1,0,-1,0,-1,-1,-1,-1,-1,0,-1,-1,,,,,,,,,,,,,,,,,,,,,,,,,,,,,,,,,,,
The Night Before,2,-1,1,-1,0,-1,1,0,-1,-2,1,-1,0,-1,1,-1,-1,1,-1,-1,-1,-1,-2,-2,-1,0,-1,-1,-1,,,,,,,,,,,,,,,,,,,,,,,,,,,,,
The Outcasts,1.5,1,-1,-1,0,0,-1,0,-1,-1,1,-1,-1,-1,1,0,0,-2,1,0,1,-1,-1,,,,,,,,,,,,,,,,,,,,,,,,,,,,,,,,,,,
The Overnight,3.5,-1,0,1,0,1,0,-1,1,0,0,1,-1,1,-1,-1,2,1,-1,-1,1,0,1,1,0,0,0,-1,-1,-1,-1,1,1,-1,1,0,-1,,,,,,,,,,,,,,,,,,,,,
The Peanuts Movie,3.5,1,-1,0,1,1,1,-1,-1,-1,1,-1,1,-2,-2,1,-1,1,-1,1,-1,-1,1,2,1,1,-1,-1,2,1,,,,,,,,,,,,,,,,,,,,,,,,,,,,
The Promise,3,0,-1,0,1,-1,1,1,0,1,-1,0,1,0,-1,-1,-1,1,0,-1,0,-1,1,1,1,-1,1,-1,-1,1,,,,,,,,,,,,,,,,,,,,,,,,,,,,
The Revenant,4,-1,0,0,0,0,2,0,0,1,2,1,0,-1,-1,-1,-1,-1,1,0,-1,-1,0,-1,-1,-1,1,1,1,0,2,-1,1,1,1,,,,,,,,,,,,,,,,,,,,,,,
The Rewrite,3.5,,,,,,,,,,,,,,,,,,,,,,,,,,,,,,,,,,,,,,,,,,,,,,,,,,,,,,,,,
The Second Best Exotic Marigold HOtel,3.5,,,,,,,,,,,,,,,,,,,,,,,,,,,,,,,,,,,,,,,,,,,,,,,,,,,,,,,,,
The Shack,2,1,-1,-1,-1,1,-1,1,1,1,-1,1,-1,1,-2,-1,-1,0,-1,-1,1,1,-1,0,-1,0,0,-1,,,,,,,,,,,,,,,,,,,,,,,,,,,,,,
The Shallows,3,-1,-1,-1,0,0,-1,-1,-1,-1,2,1,-1,1,0,0,-1,1,-1,0,-1,-1,-1,-1,-1,1,-1,-1,0,-1,1,-1,0,-1,1,,,,,,,,,,,,,,,,,,,,,,,
The Stanford Prison Experiment,3.5,,,,,,,,,,,,,,,,,,,,,,,,,,,,,,,,,,,,,,,,,,,,,,,,,,,,,,,,,
The Trust,3.5,1,-1,0,0,-1,0,0,-1,0,-1,0,0,0,-1,1,0,-1,-1,0,-1,1,-1,-1,-2,-1,0,1,1,1,-1,-1,0,1,,,,,,,,,,,,,,,,,,,,,,,,
The Visit,1.5,-1,-1,-1,-1,-1,1,-1,0,2,-1,1,-1,-2,0,1,1,1,-1,-1,-1,-1,1,0,-1,-1,-1,-1,1,-1,-1,-2,-1,0,1,0,1,1,-1,-1,1,0,1,-1,-1,,,,,,,,,,,,,
The Voices,3.5,,,,,,,,,,,,,,,,,,,,,,,,,,,,,,,,,,,,,,,,,,,,,,,,,,,,,,,,,
The Walk,3,0,1,1,-1,1,1,1,2,1,1,-1,-1,-1,-1,-1,0,0,1,-1,-1,,,,,,,,,,,,,,,,,,,,,,,,,,,,,,,,,,,,,
The Wall,3,-1,-1,-1,-1,-1,-1,-1,-1,-1,-1,0,-1,0,-1,-1,-1,-1,-1,-1,0,-1,-1,1,-1,1,1,-1,,,,,,,,,,,,,,,,,,,,,,,,,,,,,,
The Water Diviner,3.5,-1,-1,0,1,0,0,-1,1,1,1,-1,-1,-1,-1,-1,-1,1,-1,-1,1,-1,0,0,0,1,-1,-1,-1,1,1,1,,,,,,,,,,,,,,,,,,,,,,,,,,
The Wedding Ringer,1.5,-1,-1,-1,2,1,0,-1,0,-1,0,-1,0,-1,0,0,-1,-1,0,1,0,-1,-1,1,-1,0,-1,0,0,1,-1,0,-2,-1,1,0,0,1,-1,,,,,,,,,,,,,,,,,,,
Thor Ragnarok,3.5,1,-1,-1,0,-1,-2,1,-1,1,0,-1,-1,-1,-1,-1,-1,-1,-1,-1,1,-1,1,1,-1,1,-1,1,1,-1,1,0,2,0,1,-1,0,,,,,,,,,,,,,,,,,,,,,
Three Billboards,4,-1,-1,1,-1,-1,1,1,-1,-1,0,-1,-1,1,-1,1,1,1,1,-1,0,0,-1,1,-1,-1,-1,1,2,2,,,,,,,,,,,,,,,,,,,,,,,,,,,,
Tomorrowland,2,,,,,,,,,,,,,,,,,,,,,,,,,,,,,,,,,,,,,,,,,,,,,,,,,,,,,,,,,
Tower,4,-1,1,-1,-1,-1,1,-1,0,2,-1,1,1,1,2,-1,-1,-1,2,-1,,,,,,,,,,,,,,,,,,,,,,,,,,,,,,,,,,,,,,
Tragedy Girls,3.5,0,-1,-1,-1,-1,-2,0,-1,1,-1,1,,,,,,,,,,,,,,,,,,,,,,,,,,,,,,,,,,,,,,,,,,,,,,
Trainwreck,3.5,1,-1,1,-1,1,1,1,1,-1,-1,-1,1,-1,0,0,-1,1,1,1,-1,1,1,1,-1,1,2,2,1,1,-1,-1,-1,,,,,,,,,,,,,,,,,,,,,,,,,
Trespass Against Us,3,-1,0,0,-1,-1,2,0,-1,-1,1,-1,-1,-2,-1,-1,0,1,0,1,,,,,,,,,,,,,,,,,,,,,,,,,,,,,,,,,,,,,,
Triple 9,3.5,-1,1,-2,1,-1,-1,0,-1,1,-1,-1,-1,-1,-1,-1,-1,-1,-1,-1,-1,-1,-1,1,-1,0,-1,-1,-1,-1,,,,,,,,,,,,,,,,,,,,,,,,,,,,
True Story,3.5,-1,0,0,0,-1,0,1,-1,-1,-1,-1,0,0,-1,-1,1,0,-1,-1,-1,-1,-1,-1,-1,-1,-1,1,-1,-1,0,-1,-1,1,-1,1,,,,,,,,,,,,,,,,,,,,,,
Trumbo,3,-1,-1,-1,1,1,-1,-1,-1,-1,0,-1,-1,1,1,1,0,-1,-1,1,0,-1,-1,1,1,1,0,0,-1,-1,1,0,1,-1,-1,,,,,,,,,,,,,,,,,,,,,,,
Truth,3,-1,1,-1,-1,-1,0,1,0,-1,0,0,0,0,2,-1,-1,0,1,-1,-1,-1,-1,-1,-1,-1,-1,0,-1,1,-1,-1,-1,,,,,,,,,,,,,,,,,,,,,,,,,
Unbroken,2.5,,,,,,,,,,,,,,,,,,,,,,,,,,,,,,,,,,,,,,,,,,,,,,,,,,,,,,,,,
Unexpected,3,1,-1,1,2,-1,0,-1,1,-1,-1,0,-1,-1,0,-1,-1,1,1,0,2,,,,,,,,,,,,,,,,,,,,,,,,,,,,,,,,,,,,,
Unfinished Business,1.5,-2,-1,0,0,1,2,0,0,-1,-1,-1,0,-1,-1,-1,-1,1,1,-1,0,-1,-1,0,1,0,0,0,-1,-1,-1,-1,-1,-1,0,0,-1,-2,1,-1,,,,,,,,,,,,,,,,,,
Unfriended,2,-1,1,-1,-1,-1,-2,-1,-1,-1,-1,-1,-1,-1,-1,-1,-1,-1,-1,-1,0,-1,-1,-1,1,-1,-1,-1,-1,,,,,,,,,,,,,,,,,,,,,,,,,,,,,
Unlocked,2,-1,1,0,-1,0,-1,-1,-1,-1,-1,-1,-1,1,-1,-1,-1,-1,1,-1,-1,-1,-1,1,0,-1,-1,1,1,-1,-1,-1,,,,,,,,,,,,,,,,,,,,,,,,,,
Vacation,1,-1,-1,-1,-2,-1,1,-1,-1,1,-1,-1,1,-1,-1,1,0,-1,-1,-1,-1,-1,-1,1,-1,-1,-1,,,,,,,,,,,,,,,,,,,,,,,,,,,,,,,
Valerian,1.5,1,1,0,0,0,-1,-1,0,-1,-1,-1,-1,-1,-1,2,-1,-1,-1,-1,-1,1,-1,0,-1,-1,0,1,1,-1,-1,1,-1,0,-1,1,1,1,-1,-1,0,,,,,,,,,,,,,,,,,
Wakefield,3.5,-1,0,1,-1,-1,1,-1,-1,-1,1,1,-1,-1,-1,0,1,1,0,1,-1,1,1,-1,-2,-1,-1,,,,,,,,,,,,,,,,,,,,,,,,,,,,,,,
War Dogs,3.5,-2,-1,1,1,-1,0,0,-1,-1,1,-1,0,1,0,-1,0,-1,-1,-1,-1,1,1,-1,-1,1,2,,,,,,,,,,,,,,,,,,,,,,,,,,,,,,,
War for the Planet of the Apes,3.5,1,1,-1,-1,-1,0,1,-1,0,1,1,-1,-1,-1,1,-1,-1,-1,-1,-1,2,-1,-1,-1,1,1,1,2,-1,-1,-1,-1,,,,,,,,,,,,,,,,,,,,,,,,,
War Machine,3.5,-1,0,-1,-1,-1,-1,-1,-1,1,0,-1,-1,-1,-1,-1,1,1,0,1,-1,-1,-1,-1,-1,-1,-1,-1,-1,1,,,,,,,,,,,,,,,,,,,,,,,,,,,,
We Are Your Friends,2,0,-1,-1,1,1,-1,-1,-1,-1,-1,-1,-1,1,-1,1,-1,1,-1,1,-1,1,-1,1,-1,-1,1,0,-1,-2,1,,,,,,,,,,,,,,,,,,,,,,,,,,,
Weiner,3.5,0,-1,-1,-1,-2,1,-1,-1,-1,0,0,0,-1,1,-1,-1,-1,0,-1,0,-1,-1,-1,-1,0,0,1,-1,-1,-1,-1,-1,-1,-1,-1,-1,-1,0,0,1,-1,0,-1,-1,-1,1,,,,,,,,,,,
Welcome to Me,3.5,-1,1,0,0,1,-1,-1,0,-1,-1,-1,-1,-1,-1,-1,-1,1,1,1,0,0,1,1,1,-1,1,-1,-1,-1,-1,1,-1,0,0,0,1,-1,1,,,,,,,,,,,,,,,,,,,
Welcome to New York,3.5,-1,-1,-1,-1,-1,-1,-1,-1,-1,-2,-1,-1,-1,-1,-1,1,-1,-1,1,1,-1,,,,,,,,,,,,,,,,,,,,,,,,,,,,,,,,,,,,
Wheelman,3.5,1,-1,-1,-1,1,2,-1,-1,-1,-1,-1,1,-1,-1,-1,-1,-1,,,,,,,,,,,,,,,,,,,,,,,,,,,,,,,,,,,,,,,,
Where To Invade Next,2.5,1,-1,-1,0,-1,1,1,1,1,-1,0,-1,0,1,-1,0,-1,0,-1,-1,-1,1,-1,1,-1,-1,1,-1,1,0,0,,,,,,,,,,,,,,,,,,,,,,,,,,
While Were Young,3,1,1,0,-1,0,-1,0,-1,-1,0,-1,0,2,-1,0,-1,-1,-1,-1,-1,0,-1,1,1,-1,-1,1,1,1,0,1,1,1,1,,,,,,,,,,,,,,,,,,,,,,,
Whiskey Tango Foxtrot,3,-1,0,-1,0,-2,1,-1,0,0,-1,1,1,0,1,-1,1,-1,-1,0,-1,0,1,,,,,,,,,,,,,,,,,,,,,,,,,,,,,,,,,,,
Whitney,3,0,-1,0,-1,1,-1,0,-1,-1,-1,0,-1,1,1,-1,-1,1,0,-1,1,-1,-1,0,-1,-1,-1,-1,,,,,,,,,,,,,,,,,,,,,,,,,,,,,,
Whose Streets,3.5,-1,1,-1,0,0,0,-1,0,0,1,-1,0,0,1,0,2,-1,-1,-1,-1,-1,-1,0,-1,1,0,0,-1,0,-1,-1,1,-1,-1,1,-1,,,,,,,,,,,,,,,,,,,,,
Why Him,0,-1,-1,0,-1,-1,-1,-1,-1,0,-1,0,0,0,0,1,-1,-2,-1,-1,0,-1,-1,-1,-1,1,1,-1,-1,-1,-1,-1,-2,-1,1,1,1,0,-1,0,-1,-2,0,-1,1,1,1,-1,0,,,,,,,,,
Wiener Dog,3.5,0,-1,1,-1,-1,-1,1,-1,-1,1,0,1,1,1,-1,-1,-1,-1,-1,-1,-1,0,-1,-1,-1,0,1,-1,1,1,-1,1,,,,,,,,,,,,,,,,,,,,,,,,,
Wilson,1.5,-1,0,0,1,-1,0,-1,-1,0,1,-2,-1,-1,-1,-1,2,1,-1,-2,-1,0,-1,-1,-1,-1,1,-1,,,,,,,,,,,,,,,,,,,,,,,,,,,,,,
Win it All,3.5,1,-1,1,-1,1,0,2,-1,-1,-1,0,1,-1,1,-1,0,0,-1,0,0,0,-1,0,1,1,1,0,1,0,-1,1,2,1,1,0,1,,,,,,,,,,,,,,,,,,,,,
Wind River,4,-1,-1,-1,-1,-1,-1,1,1,0,1,-1,-1,0,-1,-2,-1,-1,-1,2,-1,-1,1,-1,1,-1,-1,-1,1,1,1,1,-1,1,-1,-1,-1,,,,,,,,,,,,,,,,,,,,,
Wizard of Lies,3,-1,-1,0,0,0,0,1,1,-1,1,0,2,1,1,-1,-1,-1,-1,0,-1,-1,-1,-1,-1,1,0,,,,,,,,,,,,,,,,,,,,,,,,,,,,,,,
Woman in Gold,3,-1,-1,1,0,-1,-1,1,-2,-1,-1,-1,-1,-1,-1,-1,-1,-1,-1,0,-1,-1,0,-1,-1,-1,0,1,-1,-1,1,,,,,,,,,,,,,,,,,,,,,,,,,,,
Wonder Woman,3.5,1,0,2,1,1,2,-1,-1,-1,1,-1,-1,1,-1,-1,0,-1,-1,-1,2,-1,1,-1,-1,-1,-1,-1,0,1,-1,-2,-1,-2,1,1,-1,1,1,1,2,-1,,,,,,,,,,,,,,,,
Wonderstruck,3,1,1,0,0,-1,-1,-1,-1,1,-1,1,1,-1,1,0,-1,-1,-1,-1,0,-1,0,-1,2,1,,,,,,,,,,,,,,,,,,,,,,,,,,,,,,,,
Wonder,3,1,-1,1,1,0,-1,1,-1,-1,-1,1,-1,-1,-2,-1,1,-1,2,-1,0,1,0,-1,-1,0,0,1,,,,,,,,,,,,,,,,,,,,,,,,,,,,,,
Woodshock,1,-1,-1,-1,1,0,1,-1,1,-1,-1,-1,1,-1,-1,0,1,-1,-1,-1,0,0,0,-1,0,0,-1,-1,-2,-1,0,0,,,,,,,,,,,,,,,,,,,,,,,,,,
Xmen Apocalypse,3,-1,-1,-1,-1,1,0,-1,1,0,-1,-1,0,-1,-1,-1,2,0,1,-1,2,-1,0,0,0,-1,1,-1,-2,-1,-1,1,-1,0,0,,,,,,,,,,,,,,,,,,,,,,,
Youth,3.5,-1,-1,1,0,1,-1,1,1,-1,0,-1,-1,-1,1,-1,-1,1,1,1,1,1,2,1,-1,-1,1,0,,,,,,,,,,,,,,,,,,,,,,,,,,,,,,
Zookeepers Wife,3,1,1,-1,1,0,-1,-1,-1,-1,1,-1,-1,1,-1,-1,-1,-1,1,0,0,-1,-1,1,-2,-1,1,1,-1,-1,-1,1,,,,,,,,,,,,,,,,,,,,,,,,,,
Zoolander 2,1.5,-1,-1,-1,1,-1,-1,1,-1,-1,-1,-1,-1,0,-1,1,-1,-1,-1,-1,-1,-1,1,0,-1,1,1,-1,-1,-1,0,0,-1,-2,-1,-1,-1,-1,,,,,,,,,,,,,,,,,,,,
Zootopia,4,0,2,-1,2,1,1,1,-1,-1,-1,1,-1,-1,1,-1,-1,0,0,0,-1,-1,1,-1,0,1,0,-1,1,-1,1,2,-1,,,,,,,,,,,,,,,,,,,,,,,,,
